recording_id,audio_video,subject,month,start_dt,end_dt,start_ms,end_ms,sub_recording_id
audio_01_06,audio,01,06,1920-01-01 08:26:45,1920-01-02 00:26:44,0,57599990,audio_01_06_0
audio_01_07,audio,01,07,1920-01-01 09:03:54,1920-01-02 01:03:53,0,57599990,audio_01_07_0
audio_01_08,audio,01,08,1920-01-01 09:31:57,1920-01-02 01:31:56,0,57599990,audio_01_08_0
audio_01_09,audio,01,09,1920-01-01 06:09:34,1920-01-01 22:09:33,0,57599990,audio_01_09_0
audio_01_10,audio,01,10,1920-01-01 06:27:24,1920-01-01 22:27:23,0,57599990,audio_01_10_0
audio_01_11,audio,01,11,1920-01-01 06:36:10,1920-01-01 22:36:09,0,57599990,audio_01_11_0
audio_01_12,audio,01,12,1920-01-01 07:21:25,1920-01-01 23:21:24,0,57599990,audio_01_12_0
audio_01_13,audio,01,13,1920-01-01 06:38:59,1920-01-01 22:38:58,0,57599990,audio_01_13_0
audio_01_14,audio,01,14,1920-01-01 07:32:43,1920-01-01 23:32:42,0,57599990,audio_01_14_0
audio_01_15,audio,01,15,1920-01-01 07:29:54,1920-01-01 23:29:53,0,57599990,audio_01_15_0
audio_01_16,audio,01,16,1920-01-01 07:48:29,1920-01-01 23:48:28,0,57599990,audio_01_16_0
audio_01_17,audio,01,17,1920-01-01 07:20:35,1920-01-01 23:20:34,0,57599990,audio_01_17_0
audio_02_06,audio,02,06,1920-01-01 08:50:22,1920-01-02 00:50:21,0,57599990,audio_02_06_0
audio_02_07,audio,02,07,1920-01-01 09:42:46,1920-01-02 01:42:45,0,57599990,audio_02_07_0
audio_02_08,audio,02,08,1920-01-01 07:50:39,1920-01-01 23:50:38,0,57599990,audio_02_08_0
audio_02_09,audio,02,09,1920-01-01 07:39:18,1920-01-01 23:39:17,0,57599990,audio_02_09_0
audio_02_10,audio,02,10,1920-01-01 06:36:45,1920-01-01 22:36:44,0,57599990,audio_02_10_0
audio_02_11,audio,02,11,1920-01-01 07:52:53,1920-01-01 23:52:52,0,57599990,audio_02_11_0
audio_02_12,audio,02,12,1920-01-01 07:55:19,1920-01-01 23:55:18,0,57599990,audio_02_12_0
audio_02_13,audio,02,13,1920-01-01 06:13:35,1920-01-01 22:13:34,0,57599990,audio_02_13_0
audio_02_14,audio,02,14,1920-01-01 08:32:15,1920-01-02 00:32:14,0,57599990,audio_02_14_0
audio_02_15,audio,02,15,1920-01-01 08:21:17,1920-01-02 00:21:16,0,57599990,audio_02_15_0
audio_02_16,audio,02,16,1920-01-01 07:36:05,1920-01-01 23:36:04,0,57599990,audio_02_16_0
audio_02_17,audio,02,17,1920-01-01 07:27:17,1920-01-01 23:27:16,0,57599990,audio_02_17_0
audio_03_06,audio,03,06,1920-01-01 08:59:02,1920-01-02 00:59:01,0,57599990,audio_03_06_0
audio_03_07,audio,03,07,1920-01-01 07:57:14,1920-01-01 23:57:13,0,57599990,audio_03_07_0
audio_03_08,audio,03,08,1920-01-01 08:25:50,1920-01-02 00:25:49,0,57599990,audio_03_08_0
audio_03_09,audio,03,09,1920-01-01 07:09:05,1920-01-01 23:09:04,0,57599990,audio_03_09_0
audio_03_10,audio,03,10,1920-01-01 08:15:54,1920-01-02 00:15:53,0,57599990,audio_03_10_0
audio_03_11,audio,03,11,1920-01-01 06:34:03,1920-01-01 22:34:02,0,57599990,audio_03_11_0
audio_03_12,audio,03,12,1920-01-01 08:19:45,1920-01-02 00:19:44,0,57599990,audio_03_12_0
audio_03_13,audio,03,13,1920-01-01 08:03:38,1920-01-02 00:03:37,0,57599990,audio_03_13_0
audio_03_14,audio,03,14,1920-01-01 06:27:42,1920-01-01 22:27:41,0,57599990,audio_03_14_0
audio_03_15,audio,03,15,1920-01-01 08:17:58,1920-01-02 00:17:57,0,57599990,audio_03_15_0
audio_03_16,audio,03,16,1920-01-01 08:49:00,1920-01-02 00:48:59,0,57599990,audio_03_16_0
audio_03_17,audio,03,17,1920-01-01 07:45:48,1920-01-01 23:45:47,0,57599990,audio_03_17_0
audio_04_06,audio,04,06,1920-01-01 08:44:23,1920-01-01 20:35:54,0,42691430,audio_04_06_0
audio_04_07,audio,04,07,1920-01-01 09:35:55,1920-01-01 22:01:20,0,44725110,audio_04_07_0
audio_04_08,audio,04,08,1920-01-01 07:58:08,1920-01-01 21:20:33,0,48145860,audio_04_08_0
audio_04_09,audio,04,09,1920-01-01 11:02:39,1920-01-01 21:45:24,0,38565360,audio_04_09_0
audio_04_10,audio,04,10,1920-01-01 09:27:13,1920-01-01 22:20:42,0,46409180,audio_04_10_0
audio_04_11,audio,04,11,1920-01-01 10:42:55,1920-01-01 20:31:25,0,35310800,audio_04_11_0
audio_04_12,audio,04,12,1920-01-01 10:09:18,1920-01-01 20:40:30,0,37872600,audio_04_12_0
audio_04_12,audio,04,12,1920-01-01 20:40:31,1920-01-01 20:40:34,37872600,37875610,audio_04_12_37872600
audio_04_13,audio,04,13,1920-01-01 09:49:59,1920-01-01 20:53:54,0,39835800,audio_04_13_0
audio_04_14,audio,04,14,1920-01-01 08:25:40,1920-01-01 20:55:09,0,44969740,audio_04_14_0
audio_04_15,audio,04,15,1920-01-01 08:52:15,1920-01-01 21:40:01,0,46066300,audio_04_15_0
audio_04_16,audio,04,16,1920-01-01 09:22:29,1920-01-01 20:17:12,0,39283180,audio_04_16_0
audio_04_17,audio,04,17,1920-01-01 10:32:44,1920-01-01 22:09:57,0,41833110,audio_04_17_0
audio_06_06,audio,06,06,1920-01-01 09:50:15,1920-01-01 21:11:53,0,40898490,audio_06_06_0
audio_06_07,audio,06,07,1920-01-01 09:54:08,1920-01-02 01:54:07,0,57599990,audio_06_07_0
audio_06_08,audio,06,08,1920-01-01 08:30:07,1920-01-01 20:54:17,0,44650860,audio_06_08_0
audio_06_09,audio,06,09,1920-01-01 06:28:20,1920-01-01 20:29:13,0,50453860,audio_06_09_0
audio_06_10,audio,06,10,1920-01-01 07:26:20,1920-01-01 10:45:54,0,11974100,audio_06_10_0
audio_06_10,audio,06,10,1920-01-01 10:59:28,1920-01-01 23:39:53,11974100,57599990,audio_06_10_11974100
audio_06_11,audio,06,11,1920-01-01 07:59:46,1920-01-01 23:59:45,0,57599990,audio_06_11_0
audio_06_12,audio,06,12,1920-01-01 07:20:35,1920-01-01 23:20:34,0,57599990,audio_06_12_0
audio_06_13,audio,06,13,1920-01-01 07:39:35,1920-01-01 23:39:34,0,57599990,audio_06_13_0
audio_06_14,audio,06,14,1920-01-01 09:32:11,1920-01-01 19:22:36,0,35425420,audio_06_14_0
audio_06_14,audio,06,14,1920-01-01 19:23:40,1920-01-02 01:33:14,35425420,57599990,audio_06_14_35425420
audio_06_15,audio,06,15,1920-01-01 08:11:59,1920-01-02 00:11:58,0,57599990,audio_06_15_0
audio_06_16,audio,06,16,1920-01-01 08:44:56,1920-01-02 00:44:55,0,57599990,audio_06_16_0
audio_06_17,audio,06,17,1920-01-01 08:58:10,1920-01-01 23:32:55,0,42292638,audio_06_17_0
audio_07_06,audio,07,06,1920-01-01 13:10:55,1920-01-02 05:10:54,0,57599990,audio_07_06_0
audio_07_07,audio,07,07,1920-01-01 08:36:51,1920-01-02 00:36:50,0,57599990,audio_07_07_0
audio_07_08,audio,07,08,1920-01-01 07:34:56,1920-01-01 22:01:26,0,51990550,audio_07_08_0
audio_07_09,audio,07,09,1920-01-01 06:50:31,1920-01-01 22:50:30,0,57599990,audio_07_09_0
audio_07_10,audio,07,10,1920-01-01 05:45:49,1920-01-01 17:38:02,0,42733990,audio_07_10_0
audio_07_11,audio,07,11,1920-01-01 06:56:34,1920-01-01 22:56:33,0,57599990,audio_07_11_0
audio_07_12,audio,07,12,1920-01-01 06:16:35,1920-01-01 14:29:43,0,29588740,audio_07_12_0
audio_07_13,audio,07,13,1920-01-01 07:19:05,1920-01-01 16:06:01,0,31616110,audio_07_13_0
audio_07_14,audio,07,14,1920-01-01 09:26:00,1920-01-01 19:00:20,0,34460740,audio_07_14_0
audio_07_15,audio,07,15,1920-01-01 08:49:41,1920-01-01 19:41:45,0,39124550,audio_07_15_0
audio_07_16,audio,07,16,1920-01-01 06:20:55,1920-01-01 19:14:27,0,46412740,audio_07_16_0
audio_07_17,audio,07,17,1920-01-01 08:30:28,1920-01-01 21:00:16,0,44988930,audio_07_17_0
audio_08_06,audio,08,06,1920-01-01 10:05:49,1920-01-02 02:05:48,0,57599990,audio_08_06_0
audio_08_07,audio,08,07,1920-01-01 09:08:47,1920-01-02 01:08:46,0,57599990,audio_08_07_0
audio_08_08,audio,08,08,1920-01-01 08:14:55,1920-01-02 00:14:54,0,57599990,audio_08_08_0
audio_08_09,audio,08,09,1920-01-01 07:24:46,1920-01-01 23:24:45,0,57599990,audio_08_09_0
audio_08_10,audio,08,10,1920-01-01 08:09:50,1920-01-02 00:09:49,0,57599990,audio_08_10_0
audio_08_11,audio,08,11,1920-01-01 06:37:21,1920-01-01 22:37:20,0,57599990,audio_08_11_0
audio_08_12,audio,08,12,1920-01-01 08:32:20,1920-01-02 00:32:19,0,57599990,audio_08_12_0
audio_08_13,audio,08,13,1920-01-01 06:25:45,1920-01-01 22:25:44,0,57599990,audio_08_13_0
audio_08_14,audio,08,14,1920-01-01 06:52:27,1920-01-01 22:52:26,0,57599990,audio_08_14_0
audio_08_15,audio,08,15,1920-01-01 07:45:46,1920-01-01 23:45:45,0,57599990,audio_08_15_0
audio_08_16,audio,08,16,1920-01-01 07:12:39,1920-01-01 23:12:38,0,57599990,audio_08_16_0
audio_08_17,audio,08,17,1920-01-01 07:41:12,1920-01-01 23:41:11,0,57599990,audio_08_17_0
audio_09_06,audio,09,06,1920-01-01 09:45:33,1920-01-02 01:45:32,0,57599990,audio_09_06_0
audio_09_07,audio,09,07,1920-01-01 07:15:21,1920-01-01 23:15:20,0,57599990,audio_09_07_0
audio_09_08,audio,09,08,1920-01-01 08:29:13,1920-01-01 20:17:12,0,42479680,audio_09_08_0
audio_09_09,audio,09,09,1920-01-01 07:24:30,1920-01-01 16:02:33,0,31083800,audio_09_09_0
audio_09_10,audio,09,10,1920-01-01 06:59:51,1920-01-01 22:59:50,0,57599990,audio_09_10_0
audio_09_11,audio,09,11,1920-01-01 06:47:27,1920-01-01 22:47:26,0,57599990,audio_09_11_0
audio_09_12,audio,09,12,1920-01-01 08:01:28,1920-01-02 00:01:27,0,57599990,audio_09_12_0
audio_09_13,audio,09,13,1920-01-01 08:18:06,1920-01-02 00:18:05,0,57599990,audio_09_13_0
audio_09_14,audio,09,14,1920-01-01 09:28:50,1920-01-02 01:28:49,0,57599990,audio_09_14_0
audio_09_15,audio,09,15,1920-01-01 08:08:21,1920-01-01 17:56:10,0,35269430,audio_09_15_0
audio_09_16,audio,09,16,1920-01-01 08:16:34,1920-01-01 17:17:19,0,32445050,audio_09_16_0
audio_09_17,audio,09,17,1920-01-01 08:13:12,1920-01-01 19:18:26,0,39914990,audio_09_17_0
audio_10_06,audio,10,06,1920-01-01 08:39:39,1920-01-01 20:38:43,0,43144990,audio_10_06_0
audio_10_07,audio,10,07,1920-01-01 10:18:21,1920-01-01 23:11:48,0,46407610,audio_10_07_0
audio_10_08,audio,10,08,1920-01-01 06:54:00,1920-01-01 22:53:59,0,57599990,audio_10_08_0
audio_10_09,audio,10,09,1920-01-01 10:28:41,1920-01-02 02:28:40,0,57599990,audio_10_09_0
audio_10_10,audio,10,10,1920-01-01 06:39:02,1920-01-01 22:39:01,0,57599990,audio_10_10_0
audio_10_11,audio,10,11,1920-01-01 06:30:10,1920-01-01 20:18:51,0,49721610,audio_10_11_0
audio_10_12,audio,10,12,1920-01-01 06:36:35,1920-01-01 22:36:34,0,57599990,audio_10_12_0
audio_10_13,audio,10,13,1920-01-01 06:48:04,1920-01-01 22:48:03,0,57599990,audio_10_13_0
audio_10_14,audio,10,14,1920-01-01 07:07:37,1920-01-01 23:07:36,0,57599990,audio_10_14_0
audio_10_15,audio,10,15,1920-01-01 09:00:44,1920-01-02 01:00:43,0,57599990,audio_10_15_0
audio_10_16,audio,10,16,1920-01-01 08:14:33,1920-01-02 00:14:32,0,57599990,audio_10_16_0
audio_10_17,audio,10,17,1920-01-01 07:08:45,1920-01-01 23:08:44,0,57599990,audio_10_17_0
audio_11_06,audio,11,06,1920-01-01 10:24:42,1920-01-01 22:46:14,0,44492480,audio_11_06_0
audio_11_06,audio,11,06,1920-01-01 22:46:15,1920-01-01 22:46:20,44492480,44498430,audio_11_06_44492480
audio_11_07,audio,11,07,1920-01-01 09:12:29,1920-01-01 21:40:54,0,44905610,audio_11_07_0
audio_11_08,audio,11,08,1920-01-01 09:40:41,1920-01-01 21:53:00,0,43939930,audio_11_08_0
audio_11_09,audio,11,09,1920-01-01 08:04:25,1920-01-01 20:11:28,0,43623680,audio_11_09_0
audio_11_10,audio,11,10,1920-01-01 08:13:53,1920-01-01 20:05:25,0,42692800,audio_11_10_0
audio_11_11,audio,11,11,1920-01-01 07:14:49,1920-01-01 19:44:32,0,44983740,audio_11_11_0
audio_11_12,audio,11,12,1920-01-01 06:53:28,1920-01-01 20:17:59,0,48271550,audio_11_12_0
audio_11_13,audio,11,13,1920-01-01 06:06:41,1920-01-01 20:13:28,0,50807360,audio_11_13_0
audio_11_14,audio,11,14,1920-01-01 07:48:53,1920-01-01 20:04:13,0,44120430,audio_11_14_0
audio_11_15,audio,11,15,1920-01-01 07:10:19,1920-01-01 18:57:28,0,42429360,audio_11_15_0
audio_11_16,audio,11,16,1920-01-01 07:14:01,1920-01-01 21:19:11,0,50710800,audio_11_16_0
audio_11_17,audio,11,17,1920-01-01 09:02:10,1920-01-01 20:37:54,0,41744740,audio_11_17_0
audio_12_06,audio,12,06,1920-01-01 11:05:05,1920-01-01 11:05:07,0,2420,audio_12_06_0
audio_12_06,audio,12,06,1920-01-01 11:05:19,1920-01-02 03:05:16,2420,57599990,audio_12_06_2420
audio_12_07,audio,12,07,1920-01-01 08:51:48,1920-01-02 00:51:47,0,57599990,audio_12_07_0
audio_12_08,audio,12,08,1920-01-01 09:04:48,1920-01-02 01:04:47,0,57599990,audio_12_08_0
audio_12_09,audio,12,09,1920-01-01 07:21:34,1920-01-01 23:21:33,0,57599990,audio_12_09_0
audio_12_10,audio,12,10,1920-01-01 07:53:25,1920-01-01 23:53:24,0,57599990,audio_12_10_0
audio_12_11,audio,12,11,1920-01-01 07:49:16,1920-01-01 07:52:06,0,170040,audio_12_11_0
audio_12_11,audio,12,11,1920-01-02 07:29:18,1920-01-02 23:26:27,170040,57599990,audio_12_11_170040
audio_12_12,audio,12,12,1920-01-01 07:32:56,1920-01-01 23:32:55,0,57599990,audio_12_12_0
audio_12_13,audio,12,13,1920-01-01 07:36:32,1920-01-01 19:56:42,0,44410930,audio_12_13_0
audio_12_14,audio,12,14,1920-01-01 10:18:46,1920-01-02 02:18:45,0,57599990,audio_12_14_0
audio_12_15,audio,12,15,1920-01-01 07:54:28,1920-01-01 22:22:10,0,52062610,audio_12_15_0
audio_12_16,audio,12,16,1920-01-01 12:09:22,1920-01-01 21:43:44,0,34462430,audio_12_16_0
audio_12_17,audio,12,17,1920-01-01 09:14:19,1920-01-02 01:14:18,0,57599990,audio_12_17_0
audio_13_06,audio,13,06,1920-01-01 08:59:10,1920-01-01 20:31:00,0,41510930,audio_13_06_0
audio_13_07,audio,13,07,1920-01-01 09:34:05,1920-01-01 21:34:46,0,43241050,audio_13_07_0
audio_13_08,audio,13,08,1920-01-01 07:04:01,1920-01-01 19:09:23,0,43522490,audio_13_08_0
audio_13_09,audio,13,09,1920-01-01 06:19:59,1920-01-01 19:29:13,0,47354300,audio_13_09_0
audio_13_10,audio,13,10,1920-01-01 07:51:07,1920-01-01 20:16:49,0,44742240,audio_13_10_0
audio_13_11,audio,13,11,1920-01-01 07:42:43,1920-01-01 20:03:16,0,44433300,audio_13_11_0
audio_13_12,audio,13,12,1920-01-01 10:27:34,1920-01-01 19:31:38,0,32644110,audio_13_12_0
audio_13_13,audio,13,13,1920-01-01 08:03:09,1920-01-01 19:24:31,0,40882180,audio_13_13_0
audio_13_14,audio,13,14,1920-01-01 07:36:12,1920-01-01 19:46:08,0,43796300,audio_13_14_0
audio_13_15,audio,13,15,1920-01-01 08:34:54,1920-01-01 21:37:47,0,46973680,audio_13_15_0
audio_13_16,audio,13,16,1920-01-01 14:30:17,1920-01-01 22:08:02,0,27465850,audio_13_16_0
audio_13_16,audio,13,16,1920-01-02 08:52:33,1920-01-02 09:06:42,27465850,28314860,audio_13_16_27465850
audio_13_17,audio,13,17,1920-01-01 09:55:19,1920-01-02 01:55:18,0,57599990,audio_13_17_0
audio_14_06,audio,14,06,1920-01-01 11:19:43,1920-01-02 03:19:42,0,57599990,audio_14_06_0
audio_14_07,audio,14,07,1920-01-01 11:37:36,1920-01-02 03:37:35,0,57599990,audio_14_07_0
audio_14_08,audio,14,08,1920-01-01 12:43:48,1920-01-02 04:43:47,0,57599990,audio_14_08_0
audio_14_09,audio,14,09,1920-01-01 09:15:10,1920-01-02 01:15:09,0,57599990,audio_14_09_0
audio_14_10,audio,14,10,1920-01-01 08:28:58,1920-01-02 00:28:57,0,57599990,audio_14_10_0
audio_14_11,audio,14,11,1920-01-01 09:01:04,1920-01-02 01:01:03,0,57599990,audio_14_11_0
audio_14_12,audio,14,12,1920-01-01 10:33:06,1920-01-02 02:33:05,0,57599990,audio_14_12_0
audio_14_13,audio,14,13,1920-01-01 11:36:11,1920-01-02 03:36:10,0,57599990,audio_14_13_0
audio_14_14,audio,14,14,1920-01-01 13:20:01,1920-01-02 05:20:00,0,57599990,audio_14_14_0
audio_14_15,audio,14,15,1920-01-01 12:06:17,1920-01-02 04:06:16,0,57599990,audio_14_15_0
audio_14_16,audio,14,16,1920-01-01 17:37:39,1920-01-02 09:37:38,0,57599990,audio_14_16_0
audio_14_17,audio,14,17,1920-01-01 14:32:42,1920-01-02 06:32:41,0,57599990,audio_14_17_0
audio_15_06,audio,15,06,1920-01-01 08:46:30,1920-01-02 00:46:29,0,57599990,audio_15_06_0
audio_15_07,audio,15,07,1920-01-01 08:33:00,1920-01-02 00:32:59,0,57599990,audio_15_07_0
audio_15_08,audio,15,08,1920-01-01 09:44:13,1920-01-02 01:44:12,0,57599990,audio_15_08_0
audio_15_09,audio,15,09,1920-01-01 08:35:07,1920-01-02 00:35:06,0,57599990,audio_15_09_0
audio_15_10,audio,15,10,1920-01-01 09:15:15,1920-01-02 01:15:14,0,57599990,audio_15_10_0
audio_15_11,audio,15,11,1920-01-01 08:26:15,1920-01-02 00:26:14,0,57599990,audio_15_11_0
audio_15_12,audio,15,12,1920-01-01 08:20:55,1920-01-02 00:20:54,0,57599990,audio_15_12_0
audio_15_13,audio,15,13,1920-01-01 07:50:08,1920-01-01 23:50:07,0,57599990,audio_15_13_0
audio_15_14,audio,15,14,1920-01-01 09:12:54,1920-01-02 01:12:53,0,57599990,audio_15_14_0
audio_15_15,audio,15,15,1920-01-01 09:12:54,1920-01-02 01:12:53,0,57599990,audio_15_15_0
audio_15_16,audio,15,16,1920-01-01 09:03:05,1920-01-02 01:03:04,0,57599990,audio_15_16_0
audio_15_17,audio,15,17,1920-01-01 09:49:55,1920-01-02 01:49:54,0,57599990,audio_15_17_0
audio_16_06,audio,16,06,1920-01-01 09:23:29,1920-01-02 01:23:28,0,57599990,audio_16_06_0
audio_16_07,audio,16,07,1920-01-01 08:33:16,1920-01-02 00:33:15,0,57599990,audio_16_07_0
audio_16_08,audio,16,08,1920-01-01 08:27:36,1920-01-02 00:27:35,0,57599990,audio_16_08_0
audio_16_09,audio,16,09,1920-01-01 09:18:43,1920-01-02 01:18:42,0,57599990,audio_16_09_0
audio_16_10,audio,16,10,1920-01-01 08:04:29,1920-01-02 00:04:28,0,57599990,audio_16_10_0
audio_16_11,audio,16,11,1920-01-01 09:41:30,1920-01-02 01:41:29,0,57599990,audio_16_11_0
audio_16_12,audio,16,12,1920-01-01 08:55:14,1920-01-02 00:55:13,0,57599990,audio_16_12_0
audio_16_13,audio,16,13,1920-01-01 08:14:21,1920-01-02 00:14:20,0,57599990,audio_16_13_0
audio_16_14,audio,16,14,1920-01-01 08:53:43,1920-01-02 00:53:42,0,57599990,audio_16_14_0
audio_16_15,audio,16,15,1920-01-01 09:32:40,1920-01-02 01:32:39,0,57599990,audio_16_15_0
audio_16_16,audio,16,16,1920-01-01 10:31:45,1920-01-02 02:31:44,0,57599990,audio_16_16_0
audio_16_17,audio,16,17,1920-01-01 09:36:06,1920-01-02 01:36:05,0,57599990,audio_16_17_0
audio_17_06,audio,17,06,1920-01-01 07:27:59,1920-01-01 23:27:58,0,57599990,audio_17_06_0
audio_17_07,audio,17,07,1920-01-01 07:02:30,1920-01-01 23:02:29,0,57599990,audio_17_07_0
audio_17_08,audio,17,08,1920-01-01 09:33:39,1920-01-02 01:33:38,0,57599990,audio_17_08_0
audio_17_09,audio,17,09,1920-01-01 08:21:12,1920-01-02 00:21:11,0,57599990,audio_17_09_0
audio_17_10,audio,17,10,1920-01-01 07:04:38,1920-01-01 23:04:37,0,57599990,audio_17_10_0
audio_17_11,audio,17,11,1920-01-01 10:49:43,1920-01-02 02:49:42,0,57599990,audio_17_11_0
audio_17_12,audio,17,12,1920-01-01 08:35:41,1920-01-02 00:35:40,0,57599990,audio_17_12_0
audio_17_13,audio,17,13,1920-01-01 06:27:27,1920-01-01 22:27:26,0,57599990,audio_17_13_0
audio_17_14,audio,17,14,1920-01-01 09:24:22,1920-01-02 01:24:21,0,57599990,audio_17_14_0
audio_17_15,audio,17,15,1920-01-01 07:42:37,1920-01-01 23:42:36,0,57599990,audio_17_15_0
audio_17_16,audio,17,16,1920-01-01 09:01:28,1920-01-02 01:01:27,0,57599990,audio_17_16_0
audio_17_17,audio,17,17,1920-01-01 08:55:43,1920-01-02 00:55:42,0,57599990,audio_17_17_0
audio_18_06,audio,18,06,1920-01-01 07:48:15,1920-01-01 22:08:12,0,51597740,audio_18_06_0
audio_18_07,audio,18,07,1920-01-01 07:47:48,1920-01-01 20:29:58,0,45730680,audio_18_07_0
audio_18_08,audio,18,08,1920-01-01 07:58:53,1920-01-01 21:00:39,0,46906990,audio_18_08_0
audio_18_09,audio,18,09,1920-01-01 07:49:19,1920-01-01 19:59:40,0,43821990,audio_18_09_0
audio_18_10,audio,18,10,1920-01-01 07:34:33,1920-01-01 20:36:09,0,46896300,audio_18_10_0
audio_18_11,audio,18,11,1920-01-01 06:59:21,1920-01-01 22:20:39,0,55278990,audio_18_11_0
audio_18_12,audio,18,12,1920-01-01 07:14:22,1920-01-01 19:43:29,0,44947170,audio_18_12_0
audio_18_12,audio,18,12,1920-01-01 19:43:30,1920-01-01 19:43:33,44947170,44950240,audio_18_12_44947170
audio_18_13,audio,18,13,1920-01-01 07:33:20,1920-01-01 20:26:33,0,46393360,audio_18_13_0
audio_18_14,audio,18,14,1920-01-01 08:59:24,1920-01-01 21:33:52,0,45268550,audio_18_14_0
audio_18_15,audio,18,15,1920-01-01 08:32:46,1920-01-01 20:04:56,0,41530180,audio_18_15_0
audio_18_16,audio,18,16,1920-01-01 08:21:34,1920-01-01 21:33:30,0,47516550,audio_18_16_0
audio_18_17,audio,18,17,1920-01-01 11:37:13,1920-01-01 22:03:52,0,37599550,audio_18_17_0
audio_19_06,audio,19,06,1920-01-01 07:21:32,1920-01-01 19:16:19,0,42887180,audio_19_06_0
audio_19_07,audio,19,07,1920-01-01 07:43:26,1920-01-01 18:39:31,0,39365180,audio_19_07_0
audio_19_08,audio,19,08,1920-01-01 07:16:00,1920-01-01 19:20:17,0,43457050,audio_19_08_0
audio_19_09,audio,19,09,1920-01-01 07:52:42,1920-01-01 19:41:16,0,42514800,audio_19_09_0
audio_19_10,audio,19,10,1920-01-01 07:34:02,1920-01-01 22:03:48,0,52186300,audio_19_10_0
audio_19_11,audio,19,11,1920-01-01 06:57:11,1920-01-01 18:59:08,0,43317110,audio_19_11_0
audio_19_12,audio,19,12,1920-01-01 06:25:24,1920-01-01 19:16:41,0,46277610,audio_19_12_0
audio_19_13,audio,19,13,1920-01-01 06:31:58,1920-01-01 19:24:52,0,46374300,audio_19_13_0
audio_19_14,audio,19,14,1920-01-01 07:32:59,1920-01-01 19:24:49,0,42710300,audio_19_14_0
audio_19_15,audio,19,15,1920-01-01 09:27:44,1920-01-01 20:38:04,0,40220110,audio_19_15_0
audio_19_16,audio,19,16,1920-01-01 08:18:12,1920-01-01 19:58:17,0,42005860,audio_19_16_0
audio_19_17,audio,19,17,1920-01-01 09:17:30,1920-01-01 20:23:27,0,39957610,audio_19_17_0
audio_20_06,audio,20,06,1920-01-01 07:29:19,1920-01-01 23:29:18,0,57599990,audio_20_06_0
audio_20_07,audio,20,07,1920-01-01 07:02:32,1920-01-01 23:02:31,0,57599990,audio_20_07_0
audio_20_08,audio,20,08,1920-01-01 08:01:35,1920-01-02 00:01:34,0,57599990,audio_20_08_0
audio_20_09,audio,20,09,1920-01-01 08:25:20,1920-01-02 00:25:19,0,57599990,audio_20_09_0
audio_20_10,audio,20,10,1920-01-01 08:54:36,1920-01-02 00:54:35,0,57599990,audio_20_10_0
audio_20_11,audio,20,11,1920-01-01 08:16:11,1920-01-02 00:16:10,0,57599990,audio_20_11_0
audio_20_12,audio,20,12,1920-01-01 08:35:13,1920-01-02 00:35:12,0,57599990,audio_20_12_0
audio_20_13,audio,20,13,1920-01-01 08:52:38,1920-01-02 00:52:37,0,57599990,audio_20_13_0
audio_20_14,audio,20,14,1920-01-01 09:20:43,1920-01-02 01:20:42,0,57599990,audio_20_14_0
audio_20_15,audio,20,15,1920-01-01 10:16:08,1920-01-02 02:16:07,0,57599990,audio_20_15_0
audio_20_16,audio,20,16,1920-01-01 10:16:28,1920-01-02 02:16:27,0,57599990,audio_20_16_0
audio_20_17,audio,20,17,1920-01-01 09:40:42,1920-01-02 01:40:41,0,57599990,audio_20_17_0
audio_21_06,audio,21,06,1920-01-01 07:31:22,1920-01-01 21:45:40,0,51258740,audio_21_06_0
audio_21_07,audio,21,07,1920-01-01 06:44:58,1920-01-01 18:18:37,0,41619800,audio_21_07_0
audio_21_08,audio,21,08,1920-01-01 06:20:48,1920-01-01 19:08:36,0,46068110,audio_21_08_0
audio_21_09,audio,21,09,1920-01-01 12:23:20,1920-01-01 12:23:24,0,4920,audio_21_09_0
audio_21_09,audio,21,09,1920-01-06 05:33:13,1920-01-06 19:41:33,4920,50905800,audio_21_09_4920
audio_21_10,audio,21,10,1920-01-01 06:50:23,1920-01-01 18:30:00,0,41977430,audio_21_10_0
audio_21_11,audio,21,11,1920-01-01 06:36:21,1920-01-01 13:39:44,0,25403350,audio_21_11_0
audio_21_11,audio,21,11,1920-01-01 16:12:13,1920-01-01 19:34:48,25403350,37558430,audio_21_11_25403350
audio_21_12,audio,21,12,1920-01-01 11:02:54,1920-01-01 19:30:28,0,30454860,audio_21_12_0
audio_21_13,audio,21,13,1920-01-01 09:00:24,1920-01-01 19:12:39,0,36735990,audio_21_13_0
audio_21_14,audio,21,14,1920-01-01 09:10:31,1920-01-01 11:34:41,0,8650290,audio_21_14_0
audio_21_14,audio,21,14,1920-01-01 16:24:41,1920-01-01 19:30:51,8650290,19820360,audio_21_14_8650290
audio_21_15,audio,21,15,1920-01-01 07:35:23,1920-01-01 20:07:26,0,45123800,audio_21_15_0
audio_21_16,audio,21,16,1920-01-01 07:25:45,1920-01-01 18:56:34,0,41449550,audio_21_16_0
audio_21_17,audio,21,17,1920-01-01 08:51:24,1920-01-01 19:10:54,0,37170430,audio_21_17_0
audio_22_06,audio,22,06,1920-01-01 07:18:23,1920-01-01 21:55:26,0,52623360,audio_22_06_0
audio_22_07,audio,22,07,1920-01-01 06:15:33,1920-01-01 20:37:52,0,51739680,audio_22_07_0
audio_22_08,audio,22,08,1920-01-01 06:43:44,1920-01-01 20:48:04,0,50660180,audio_22_08_0
audio_22_10,audio,22,10,1920-01-01 06:10:11,1920-01-01 20:18:19,0,50888680,audio_22_10_0
audio_22_11,audio,22,11,1920-01-01 06:16:10,1920-01-01 19:36:55,0,48045740,audio_22_11_0
audio_22_12,audio,22,12,1920-01-01 06:23:05,1920-01-01 19:34:13,0,47468860,audio_22_12_0
audio_22_13,audio,22,13,1920-01-01 09:13:26,1920-01-01 20:32:27,0,40741050,audio_22_13_0
audio_22_14,audio,22,14,1920-01-01 08:30:51,1920-01-01 20:06:37,0,41746300,audio_22_14_0
audio_22_15,audio,22,15,1920-01-01 08:15:10,1920-01-01 20:12:50,0,43060930,audio_22_15_0
audio_22_16,audio,22,16,1920-01-01 07:58:23,1920-01-01 20:11:32,0,43989990,audio_22_16_0
audio_22_17,audio,22,17,1920-01-01 07:23:57,1920-01-01 19:17:43,0,42826680,audio_22_17_0
audio_23_06,audio,23,06,1920-01-01 08:28:45,1920-01-02 00:28:44,0,57599990,audio_23_06_0
audio_23_07,audio,23,07,1920-01-01 08:23:52,1920-01-02 00:23:51,0,57599990,audio_23_07_0
audio_23_08,audio,23,08,1920-01-01 09:38:17,1920-01-02 01:38:16,0,57599860,audio_23_08_0
audio_23_09,audio,23,09,1920-01-01 08:42:11,1920-01-02 00:42:10,0,57599990,audio_23_09_0
audio_23_10,audio,23,10,1920-01-01 06:28:30,1920-01-01 22:28:29,0,57599990,audio_23_10_0
audio_23_11,audio,23,11,1920-01-01 05:58:51,1920-01-01 21:58:50,0,57599990,audio_23_11_0
audio_23_12,audio,23,12,1920-01-01 06:49:54,1920-01-01 22:49:53,0,57599990,audio_23_12_0
audio_23_13,audio,23,13,1920-01-01 07:06:10,1920-01-01 23:06:09,0,57599990,audio_23_13_0
audio_23_14,audio,23,14,1920-01-01 07:30:49,1920-01-01 23:30:48,0,57599990,audio_23_14_0
audio_23_15,audio,23,15,1920-01-01 09:30:49,1920-01-02 01:30:48,0,57599990,audio_23_15_0
audio_23_16,audio,23,16,1920-01-01 09:08:18,1920-01-02 01:08:17,0,57599990,audio_23_16_0
audio_23_17,audio,23,17,1920-01-01 08:22:30,1920-01-02 00:22:29,0,57599990,audio_23_17_0
audio_25_06,audio,25,06,1920-01-01 08:25:18,1920-01-01 21:11:26,0,45968180,audio_25_06_0
audio_25_07,audio,25,07,1920-01-01 10:00:25,1920-01-01 21:30:15,0,41390930,audio_25_07_0
audio_25_08,audio,25,08,1920-01-01 09:43:00,1920-01-01 11:56:49,0,8029420,audio_25_08_0
audio_25_08,audio,25,08,1920-01-01 13:40:23,1920-01-01 15:06:05,8029420,13172100,audio_25_08_8029420
audio_25_08,audio,25,08,1920-01-01 17:50:16,1920-01-01 20:41:00,13172100,23416180,audio_25_08_13172100
audio_25_09,audio,25,09,1920-01-01 09:51:18,1920-01-01 21:45:23,0,42845240,audio_25_09_0
audio_25_10,audio,25,10,1920-01-01 08:19:07,1920-01-01 21:07:07,0,46080740,audio_25_10_0
audio_25_11,audio,25,11,1920-01-01 09:00:44,1920-01-01 20:43:17,0,42153490,audio_25_11_0
audio_25_12,audio,25,12,1920-01-01 09:02:32,1920-01-01 19:19:27,0,37015430,audio_25_12_0
audio_25_13,audio,25,13,1920-01-01 08:58:41,1920-01-01 21:48:42,0,46201550,audio_25_13_0
audio_25_14,audio,25,14,1920-01-01 09:21:00,1920-01-01 20:41:39,0,40839050,audio_25_14_0
audio_25_15,audio,25,15,1920-01-01 07:52:38,1920-01-01 18:01:33,0,36535930,audio_25_15_0
audio_25_16,audio,25,16,1920-01-01 08:02:11,1920-01-01 20:21:25,0,44354740,audio_25_16_0
audio_25_17,audio,25,17,1920-01-01 09:17:32,1920-01-01 19:50:11,0,37959800,audio_25_17_0
audio_26_06,audio,26,06,1920-01-01 12:40:44,1920-01-01 12:40:48,0,4100,audio_26_06_0
audio_26_06,audio,26,06,1920-01-01 18:21:03,1920-01-01 18:21:09,4100,10170,audio_26_06_4100
audio_26_06,audio,26,06,1920-01-04 07:31:39,1920-01-04 23:31:28,10170,57599990,audio_26_06_10170
audio_26_07,audio,26,07,1920-01-01 08:12:30,1920-01-02 00:12:29,0,57599990,audio_26_07_0
audio_26_08,audio,26,08,1920-01-01 08:35:16,1920-01-02 00:35:15,0,57599990,audio_26_08_0
audio_26_09,audio,26,09,1920-01-01 09:17:55,1920-01-02 01:17:54,0,57599990,audio_26_09_0
audio_26_10,audio,26,10,1920-01-01 07:42:31,1920-01-01 23:42:30,0,57599990,audio_26_10_0
audio_26_11,audio,26,11,1920-01-01 07:49:29,1920-01-01 23:49:28,0,57599990,audio_26_11_0
audio_26_12,audio,26,12,1920-01-01 08:45:19,1920-01-02 00:45:18,0,57599990,audio_26_12_0
audio_26_13,audio,26,13,1920-01-01 09:07:41,1920-01-02 01:07:40,0,57599990,audio_26_13_0
audio_26_14,audio,26,14,1920-01-01 09:33:31,1920-01-02 01:33:30,0,57599990,audio_26_14_0
audio_26_15,audio,26,15,1920-01-01 08:48:32,1920-01-02 00:48:31,0,57599990,audio_26_15_0
audio_26_16,audio,26,16,1920-01-01 09:08:13,1920-01-02 01:08:12,0,57599990,audio_26_16_0
audio_26_17,audio,26,17,1920-01-01 09:05:08,1920-01-02 01:05:07,0,57599990,audio_26_17_0
audio_27_06,audio,27,06,1920-01-01 09:01:43,1920-01-02 01:01:42,0,57599990,audio_27_06_0
audio_27_07,audio,27,07,1920-01-01 06:29:04,1920-01-01 22:29:03,0,57599990,audio_27_07_0
audio_27_08,audio,27,08,1920-01-01 06:25:02,1920-01-01 22:25:01,0,57599990,audio_27_08_0
audio_27_09,audio,27,09,1920-01-01 09:25:08,1920-01-02 01:25:07,0,57599990,audio_27_09_0
audio_27_10,audio,27,10,1920-01-01 07:22:22,1920-01-01 10:35:56,0,11614980,audio_27_10_0
audio_27_10,audio,27,10,1920-01-01 10:53:49,1920-01-01 23:40:14,11614980,57599990,audio_27_10_11614980
audio_27_11,audio,27,11,1920-01-01 09:02:31,1920-01-02 01:02:30,0,57599990,audio_27_11_0
audio_27_12,audio,27,12,1920-01-01 08:26:33,1920-01-02 00:26:32,0,57599990,audio_27_12_0
audio_27_13,audio,27,13,1920-01-01 10:12:05,1920-01-02 02:12:04,0,57599990,audio_27_13_0
audio_27_14,audio,27,14,1920-01-01 10:08:55,1920-01-02 02:08:54,0,57599990,audio_27_14_0
audio_27_15,audio,27,15,1920-01-01 09:55:18,1920-01-02 01:55:17,0,57599990,audio_27_15_0
audio_27_16,audio,27,16,1920-01-01 09:28:33,1920-01-02 01:28:32,0,57599990,audio_27_16_0
audio_27_17,audio,27,17,1920-01-01 09:05:54,1920-01-02 01:05:53,0,57599990,audio_27_17_0
audio_28_06,audio,28,06,1920-01-01 10:22:00,1920-01-01 22:27:19,0,43519680,audio_28_06_0
audio_28_07,audio,28,07,1920-01-01 08:25:30,1920-01-01 20:37:23,0,43913550,audio_28_07_0
audio_28_08,audio,28,08,1920-01-01 09:04:08,1920-01-01 20:22:14,0,40686990,audio_28_08_0
audio_28_09,audio,28,09,1920-01-01 08:51:17,1920-01-01 22:56:37,0,50720610,audio_28_09_0
audio_28_10,audio,28,10,1920-01-01 08:33:34,1920-01-01 21:39:33,0,47159110,audio_28_10_0
audio_28_11,audio,28,11,1920-01-01 08:09:03,1920-01-01 18:49:50,0,38447740,audio_28_11_0
audio_28_12,audio,28,12,1920-01-01 09:02:46,1920-01-01 21:28:29,0,44743050,audio_28_12_0
audio_28_13,audio,28,13,1920-01-01 08:49:19,1920-01-01 19:51:11,0,39712050,audio_28_13_0
audio_28_14,audio,28,14,1920-01-01 10:16:47,1920-01-01 20:37:21,0,37234740,audio_28_14_0
audio_28_15,audio,28,15,1920-01-01 10:51:08,1920-01-01 20:19:10,0,34082430,audio_28_15_0
audio_28_16,audio,28,16,1920-01-01 09:58:42,1920-01-01 21:05:21,0,39999680,audio_28_16_0
audio_28_17,audio,28,17,1920-01-01 08:20:33,1920-01-01 18:05:46,0,35113040,audio_28_17_0
audio_28_17,audio,28,17,1920-01-02 09:57:59,1920-01-02 16:12:45,35113040,57599990,audio_28_17_35113040
audio_29_06,audio,29,06,1920-01-01 06:01:01,1920-01-01 20:05:45,0,50684930,audio_29_06_0
audio_29_07,audio,29,07,1920-01-01 06:33:35,1920-01-01 19:46:19,0,47564050,audio_29_07_0
audio_29_08,audio,29,08,1920-01-01 05:16:22,1920-01-01 21:01:45,0,56723550,audio_29_08_0
audio_29_09,audio,29,09,1920-01-01 07:13:28,1920-01-01 19:18:42,0,43514930,audio_29_09_0
audio_29_10,audio,29,10,1920-01-01 06:51:40,1920-01-01 19:52:01,0,46821730,audio_29_10_0
audio_29_10,audio,29,10,1920-01-01 19:52:02,1920-01-01 19:52:06,46821730,46825800,audio_29_10_46821730
audio_29_11,audio,29,11,1920-01-01 07:39:06,1920-01-01 17:54:57,0,36951110,audio_29_11_0
audio_29_12,audio,29,12,1920-01-01 07:05:45,1920-01-01 19:37:35,0,45110040,audio_29_12_0
audio_29_12,audio,29,12,1920-01-01 19:37:36,1920-01-01 19:37:39,45110040,45113990,audio_29_12_45110040
audio_29_13,audio,29,13,1920-01-01 08:44:38,1920-01-01 20:05:35,0,40857740,audio_29_13_0
audio_29_14,audio,29,14,1920-01-01 10:28:49,1920-01-01 20:25:37,0,35808990,audio_29_14_0
audio_29_15,audio,29,15,1920-01-01 08:52:05,1920-01-01 20:26:01,0,41636300,audio_29_15_0
audio_29_16,audio,29,16,1920-01-01 07:34:35,1920-01-01 19:49:30,0,44095990,audio_29_16_0
audio_29_17,audio,29,17,1920-01-01 08:13:45,1920-01-01 18:57:18,0,38613050,audio_29_17_0
audio_30_06,audio,30,06,1920-01-01 07:30:33,1920-01-01 23:30:32,0,57599990,audio_30_06_0
audio_30_07,audio,30,07,1920-01-01 06:05:03,1920-01-01 22:05:02,0,57599990,audio_30_07_0
audio_30_08,audio,30,08,1920-01-01 09:30:00,1920-01-02 01:29:59,0,57599990,audio_30_08_0
audio_30_09,audio,30,09,1920-01-01 08:32:48,1920-01-02 00:32:47,0,57599990,audio_30_09_0
audio_30_10,audio,30,10,1920-01-01 07:49:48,1920-01-01 23:49:47,0,57599990,audio_30_10_0
audio_30_11,audio,30,11,1920-01-01 07:49:38,1920-01-01 23:49:37,0,57599990,audio_30_11_0
audio_30_12,audio,30,12,1920-01-01 12:07:57,1920-01-01 12:09:03,0,66420,audio_30_12_0
audio_30_12,audio,30,12,1920-01-04 08:39:14,1920-01-05 00:38:07,66420,57599990,audio_30_12_66420
audio_30_13,audio,30,13,1920-01-01 11:41:08,1920-01-02 03:41:07,0,57599990,audio_30_13_0
audio_30_14,audio,30,14,1920-01-01 09:50:42,1920-01-02 01:50:41,0,57599990,audio_30_14_0
audio_30_15,audio,30,15,1920-01-01 10:15:12,1920-01-02 02:15:11,0,57599990,audio_30_15_0
audio_30_16,audio,30,16,1920-01-01 08:51:20,1920-01-02 00:51:19,0,57599990,audio_30_16_0
audio_30_17,audio,30,17,1920-01-01 12:22:10,1920-01-02 04:22:09,0,57599990,audio_30_17_0
audio_31_06,audio,31,06,1920-01-01 06:50:53,1920-01-01 22:50:52,0,57599990,audio_31_06_0
audio_31_07,audio,31,07,1920-01-01 06:33:15,1920-01-01 22:33:14,0,57599990,audio_31_07_0
audio_31_08,audio,31,08,1920-01-01 07:01:11,1920-01-01 23:01:10,0,57599990,audio_31_08_0
audio_31_09,audio,31,09,1920-01-01 06:53:56,1920-01-01 22:53:55,0,57599990,audio_31_09_0
audio_31_10,audio,31,10,1920-01-01 06:10:13,1920-01-01 22:10:12,0,57599990,audio_31_10_0
audio_31_11,audio,31,11,1920-01-01 07:42:14,1920-01-01 23:42:13,0,57599990,audio_31_11_0
audio_31_12,audio,31,12,1920-01-01 08:03:18,1920-01-02 00:03:17,0,57599990,audio_31_12_0
audio_31_13,audio,31,13,1920-01-01 07:48:28,1920-01-01 23:48:27,0,57599990,audio_31_13_0
audio_31_14,audio,31,14,1920-01-01 10:18:13,1920-01-02 02:18:12,0,57599990,audio_31_14_0
audio_31_15,audio,31,15,1920-01-01 09:30:17,1920-01-02 01:30:16,0,57599990,audio_31_15_0
audio_31_16,audio,31,16,1920-01-01 10:39:24,1920-01-02 02:39:23,0,57599990,audio_31_16_0
audio_31_17,audio,31,17,1920-01-01 08:24:34,1920-01-02 00:24:33,0,57599990,audio_31_17_0
audio_32_06,audio,32,06,1920-01-01 09:09:06,1920-01-02 01:09:05,0,57599990,audio_32_06_0
audio_32_07,audio,32,07,1920-01-01 06:30:24,1920-01-01 22:30:23,0,57599990,audio_32_07_0
audio_32_08,audio,32,08,1920-01-01 07:50:48,1920-01-01 23:50:47,0,57599990,audio_32_08_0
audio_32_09,audio,32,09,1920-01-01 07:54:20,1920-01-01 23:54:19,0,57599990,audio_32_09_0
audio_32_10,audio,32,10,1920-01-01 07:01:03,1920-01-01 23:01:02,0,57599990,audio_32_10_0
audio_32_11,audio,32,11,1920-01-01 06:46:47,1920-01-01 22:46:46,0,57599990,audio_32_11_0
audio_32_12,audio,32,12,1920-01-01 08:57:29,1920-01-02 00:57:28,0,57599990,audio_32_12_0
audio_32_13,audio,32,13,1920-01-01 10:58:05,1920-01-02 02:58:04,0,57599990,audio_32_13_0
audio_32_14,audio,32,14,1920-01-01 07:24:52,1920-01-01 23:24:51,0,57599990,audio_32_14_0
audio_32_15,audio,32,15,1920-01-01 09:43:47,1920-01-02 01:43:46,0,57599990,audio_32_15_0
audio_32_16,audio,32,16,1920-01-01 08:07:17,1920-01-02 00:07:16,0,57599990,audio_32_16_0
audio_32_17,audio,32,17,1920-01-01 08:53:32,1920-01-02 00:53:31,0,57599990,audio_32_17_0
audio_33_06,audio,33,06,1920-01-01 06:46:33,1920-01-01 20:06:56,0,48023050,audio_33_06_0
audio_33_07,audio,33,07,1920-01-01 06:28:18,1920-01-01 19:49:33,0,48075050,audio_33_07_0
audio_33_08,audio,33,08,1920-01-01 07:10:39,1920-01-01 20:05:11,0,46472930,audio_33_08_0
audio_33_09,audio,33,09,1920-01-01 06:02:07,1920-01-01 19:41:40,0,49173430,audio_33_09_0
audio_33_10,audio,33,10,1920-01-01 06:12:24,1920-01-01 19:05:33,0,46389800,audio_33_10_0
audio_33_11,audio,33,11,1920-01-01 06:26:32,1920-01-01 19:47:45,0,48073800,audio_33_11_0
audio_33_12,audio,33,12,1920-01-01 08:11:05,1920-01-01 20:52:37,0,45692180,audio_33_12_0
audio_33_13,audio,33,13,1920-01-01 08:34:54,1920-01-01 21:11:44,0,45410110,audio_33_13_0
audio_33_14,audio,33,14,1920-01-01 07:06:44,1920-01-01 21:09:00,0,50536300,audio_33_14_0
audio_33_15,audio,33,15,1920-01-01 08:29:55,1920-01-01 13:55:54,0,19559980,audio_33_15_0
audio_33_15,audio,33,15,1920-01-01 15:08:38,1920-01-01 19:33:17,19559980,35439480,audio_33_15_19559980
audio_33_15,audio,33,15,1920-01-01 19:44:28,1920-01-01 20:13:09,35439480,37160800,audio_33_15_35439480
audio_33_16,audio,33,16,1920-01-01 08:21:41,1920-01-01 17:52:35,0,34254680,audio_33_16_0
audio_33_17,audio,33,17,1920-01-01 06:46:48,1920-01-01 19:51:00,0,47052240,audio_33_17_0
audio_34_06,audio,34,06,1920-01-01 06:21:49,1920-01-01 22:21:48,0,57599990,audio_34_06_0
audio_34_07,audio,34,07,1920-01-01 06:40:18,1920-01-01 22:40:17,0,57599990,audio_34_07_0
audio_34_08,audio,34,08,1920-01-01 07:08:37,1920-01-01 23:08:36,0,57599990,audio_34_08_0
audio_34_09,audio,34,09,1920-01-01 06:49:10,1920-01-01 22:49:09,0,57599990,audio_34_09_0
audio_34_10,audio,34,10,1920-01-01 06:50:58,1920-01-01 13:33:15,0,24137980,audio_34_10_0
audio_34_10,audio,34,10,1920-01-01 18:04:11,1920-01-02 03:21:53,24137980,57599990,audio_34_10_24137980
audio_34_11,audio,34,11,1920-01-01 07:41:51,1920-01-01 12:38:06,0,17775670,audio_34_11_0
audio_34_11,audio,34,11,1920-01-01 13:29:04,1920-01-01 17:17:40,17775670,31491860,audio_34_11_17775670
audio_34_12,audio,34,12,1920-01-01 08:41:48,1920-01-01 12:32:32,0,13844980,audio_34_12_0
audio_34_12,audio,34,12,1920-01-01 12:54:43,1920-01-01 13:52:51,13844980,17333540,audio_34_12_13844980
audio_34_12,audio,34,12,1920-01-01 14:50:17,1920-01-01 16:55:52,17333540,24869350,audio_34_12_17333540
audio_34_12,audio,34,12,1920-01-01 17:52:06,1920-01-01 18:25:14,24869350,26857990,audio_34_12_24869350
audio_34_13,audio,34,13,1920-01-01 09:47:33,1920-01-01 14:27:57,0,16824170,audio_34_13_0
audio_34_13,audio,34,13,1920-01-01 14:29:33,1920-01-01 16:59:19,16824170,25810600,audio_34_13_16824170
audio_34_13,audio,34,13,1920-01-01 17:06:16,1920-01-01 17:17:52,25810600,26507430,audio_34_13_25810600
audio_34_14,audio,34,14,1920-01-01 10:01:54,1920-01-01 12:53:21,0,10287920,audio_34_14_0
audio_34_14,audio,34,14,1920-01-01 12:55:51,1920-01-01 17:02:24,10287920,25081100,audio_34_14_10287920
audio_34_14,audio,34,14,1920-01-01 17:46:06,1920-01-01 18:54:53,25081100,29208240,audio_34_14_25081100
audio_34_15,audio,34,15,1920-01-01 07:33:13,1920-01-01 14:27:05,0,24832490,audio_34_15_0
audio_34_16,audio,34,16,1920-01-01 06:48:42,1920-01-01 12:25:54,0,20232170,audio_34_16_0
audio_34_16,audio,34,16,1920-01-01 12:33:14,1920-01-01 13:11:53,20232170,22551170,audio_34_16_20232170
audio_34_16,audio,34,16,1920-01-01 17:10:03,1920-01-01 19:09:11,22551170,29699990,audio_34_16_22551170
audio_34_17,audio,34,17,1920-01-01 07:35:32,1920-01-01 16:06:59,0,30687990,audio_34_17_0
audio_35_06,audio,35,06,1920-01-01 08:09:40,1920-01-01 19:56:46,0,42426300,audio_35_06_0
audio_35_07,audio,35,07,1920-01-01 07:17:35,1920-01-01 19:04:43,0,42428610,audio_35_07_0
audio_35_08,audio,35,08,1920-01-01 07:19:59,1920-01-01 19:21:33,0,43294610,audio_35_08_0
audio_35_09,audio,35,09,1920-01-01 07:28:21,1920-01-01 18:39:16,0,40255180,audio_35_09_0
audio_35_10,audio,35,10,1920-01-01 07:34:12,1920-01-01 19:44:06,0,43794610,audio_35_10_0
audio_35_11,audio,35,11,1920-01-01 08:54:25,1920-01-01 19:42:14,0,38869490,audio_35_11_0
audio_35_12,audio,35,12,1920-01-01 08:14:26,1920-01-01 21:36:09,0,48103180,audio_35_12_0
audio_35_13,audio,35,13,1920-01-01 09:37:42,1920-01-01 13:46:41,0,14939980,audio_35_13_0
audio_35_13,audio,35,13,1920-01-01 15:05:11,1920-01-01 20:30:03,14939980,34432240,audio_35_13_14939980
audio_35_14,audio,35,14,1920-01-01 08:36:58,1920-01-01 20:10:29,0,41611430,audio_35_14_0
audio_35_15,audio,35,15,1920-01-01 08:28:17,1920-01-01 15:01:58,0,23621540,audio_35_15_0
audio_35_15,audio,35,15,1920-01-01 15:42:29,1920-01-01 19:36:42,23621540,37675360,audio_35_15_23621540
audio_35_16,audio,35,16,1920-01-01 06:50:48,1920-01-01 20:00:05,0,47357110,audio_35_16_0
audio_35_17,audio,35,17,1920-01-01 07:49:06,1920-01-01 19:55:32,0,43586680,audio_35_17_0
audio_36_06,audio,36,06,1920-01-01 08:12:04,1920-01-01 19:24:25,0,40341610,audio_36_06_0
audio_36_07,audio,36,07,1920-01-01 07:19:32,1920-01-01 20:23:37,0,47045550,audio_36_07_0
audio_36_08,audio,36,08,1920-01-01 07:38:01,1920-01-01 18:54:13,0,40572860,audio_36_08_0
audio_36_09,audio,36,09,1920-01-01 07:24:26,1920-01-01 19:00:42,0,41776930,audio_36_09_0
audio_36_10,audio,36,10,1920-01-01 07:07:15,1920-01-01 19:19:00,0,43905990,audio_36_10_0
audio_36_11,audio,36,11,1920-01-01 07:51:35,1920-01-01 19:57:00,0,43525110,audio_36_11_0
audio_36_12,audio,36,12,1920-01-01 07:57:31,1920-01-01 20:03:04,0,43533860,audio_36_12_0
audio_36_13,audio,36,13,1920-01-01 09:28:38,1920-01-01 20:10:27,0,38509740,audio_36_13_0
audio_36_14,audio,36,14,1920-01-01 08:10:19,1920-01-01 20:03:16,0,42777610,audio_36_14_0
audio_36_15,audio,36,15,1920-01-01 07:52:41,1920-01-01 19:51:29,0,43128180,audio_36_15_0
audio_36_16,audio,36,16,1920-01-01 07:05:42,1920-01-01 19:14:26,0,43724300,audio_36_16_0
audio_36_17,audio,36,17,1920-01-01 07:16:33,1920-01-01 19:15:09,0,43116680,audio_36_17_0
audio_37_06,audio,37,06,1920-01-01 11:11:34,1920-01-02 03:11:33,0,57599990,audio_37_06_0
audio_37_07,audio,37,07,1920-01-01 07:43:23,1920-01-01 23:43:22,0,57599990,audio_37_07_0
audio_37_08,audio,37,08,1920-01-01 06:45:36,1920-01-01 22:45:35,0,57599990,audio_37_08_0
audio_37_09,audio,37,09,1920-01-01 09:49:26,1920-01-02 01:49:25,0,57599990,audio_37_09_0
audio_37_10,audio,37,10,1920-01-01 10:06:24,1920-01-02 02:06:23,0,57599990,audio_37_10_0
audio_37_11,audio,37,11,1920-01-01 08:54:36,1920-01-02 00:54:35,0,57599990,audio_37_11_0
audio_37_12,audio,37,12,1920-01-01 09:08:40,1920-01-02 01:08:39,0,57599990,audio_37_12_0
audio_37_13,audio,37,13,1920-01-01 09:08:49,1920-01-02 01:08:48,0,57599990,audio_37_13_0
audio_37_14,audio,37,14,1920-01-01 10:02:17,1920-01-02 02:02:16,0,57599990,audio_37_14_0
audio_37_15,audio,37,15,1920-01-01 08:46:51,1920-01-02 00:46:50,0,57599990,audio_37_15_0
audio_37_16,audio,37,16,1920-01-01 09:19:10,1920-01-02 01:19:09,0,57599990,audio_37_16_0
audio_37_17,audio,37,17,1920-01-01 09:10:48,1920-01-02 01:10:47,0,57599990,audio_37_17_0
audio_38_06,audio,38,06,1920-01-01 06:08:53,1920-01-01 19:18:12,0,47359170,audio_38_06_0
audio_38_06,audio,38,06,1920-01-01 19:18:13,1920-01-01 19:18:15,47359170,47362050,audio_38_06_47359170
audio_38_07,audio,38,07,1920-01-01 06:34:00,1920-01-01 19:28:50,0,46490990,audio_38_07_0
audio_38_08,audio,38,08,1920-01-01 07:15:08,1920-01-01 19:22:39,0,43651300,audio_38_08_0
audio_38_09,audio,38,09,1920-01-01 05:22:44,1920-01-01 18:56:51,0,48847740,audio_38_09_0
audio_38_10,audio,38,10,1920-01-01 06:09:46,1920-01-01 22:09:45,0,57599990,audio_38_10_0
audio_38_11,audio,38,11,1920-01-01 06:55:27,1920-01-01 20:23:17,0,48470430,audio_38_11_0
audio_38_12,audio,38,12,1920-01-01 06:51:43,1920-01-01 19:56:13,0,47070990,audio_38_12_0
audio_38_13,audio,38,13,1920-01-01 07:36:46,1920-01-01 20:39:11,0,46945930,audio_38_13_0
audio_38_14,audio,38,14,1920-01-01 07:38:11,1920-01-01 20:35:34,0,46643550,audio_38_14_0
audio_38_15,audio,38,15,1920-01-01 06:15:11,1920-01-01 21:44:29,0,55758110,audio_38_15_0
audio_38_16,audio,38,16,1920-01-01 06:54:29,1920-01-01 20:15:27,0,48058360,audio_38_16_0
audio_38_17,audio,38,17,1920-01-01 06:04:25,1920-01-01 20:04:23,0,50398300,audio_38_17_0
audio_39_06,audio,39,06,1920-01-01 08:29:04,1920-01-01 19:42:25,0,40401490,audio_39_06_0
audio_39_07,audio,39,07,1920-01-01 08:08:15,1920-01-01 19:02:13,0,39238110,audio_39_07_0
audio_39_08,audio,39,08,1920-01-01 07:28:53,1920-01-01 20:20:05,0,46272360,audio_39_08_0
audio_39_09,audio,39,09,1920-01-01 08:16:16,1920-01-01 20:20:15,0,43439550,audio_39_09_0
audio_39_10,audio,39,10,1920-01-01 08:23:06,1920-01-01 21:27:29,0,47063240,audio_39_10_0
audio_39_11,audio,39,11,1920-01-01 08:43:56,1920-01-01 17:43:57,0,32401430,audio_39_11_0
audio_39_12,audio,39,12,1920-01-01 09:57:35,1920-01-01 22:21:02,0,44607430,audio_39_12_0
audio_39_13,audio,39,13,1920-01-01 13:13:08,1920-01-01 19:57:42,0,24274240,audio_39_13_0
audio_39_14,audio,39,14,1920-01-01 09:51:05,1920-01-01 20:50:40,0,39575930,audio_39_14_0
audio_39_15,audio,39,15,1920-01-01 09:02:57,1920-01-01 19:24:52,0,37315610,audio_39_15_0
audio_39_16,audio,39,16,1920-01-01 07:48:55,1920-01-01 19:42:22,0,42807490,audio_39_16_0
audio_39_17,audio,39,17,1920-01-01 08:28:25,1920-01-01 18:14:14,0,35149800,audio_39_17_0
audio_40_06,audio,40,06,1920-01-01 06:39:03,1920-01-01 19:28:41,0,46178300,audio_40_06_0
audio_40_07,audio,40,07,1920-01-01 07:11:43,1920-01-01 23:11:42,0,57599990,audio_40_07_0
audio_40_08,audio,40,08,1920-01-01 06:40:22,1920-01-01 22:40:21,0,57599990,audio_40_08_0
audio_40_09,audio,40,09,1920-01-01 07:20:26,1920-01-01 23:20:25,0,57599990,audio_40_09_0
audio_40_10,audio,40,10,1920-01-01 06:00:23,1920-01-01 22:00:22,0,57599990,audio_40_10_0
audio_40_11,audio,40,11,1920-01-01 10:07:04,1920-01-02 02:07:03,0,57599990,audio_40_11_0
audio_40_12,audio,40,12,1920-01-01 07:35:14,1920-01-01 23:35:13,0,57599990,audio_40_12_0
audio_40_13,audio,40,13,1920-01-01 08:24:53,1920-01-02 00:24:52,0,57599990,audio_40_13_0
audio_40_14,audio,40,14,1920-01-01 08:01:33,1920-01-01 21:48:37,0,49624300,audio_40_14_0
audio_40_15,audio,40,15,1920-01-01 08:32:49,1920-01-02 00:32:48,0,57599990,audio_40_15_0
audio_40_16,audio,40,16,1920-01-01 07:55:36,1920-01-01 23:55:35,0,57599990,audio_40_16_0
audio_40_17,audio,40,17,1920-01-01 08:17:51,1920-01-01 22:45:41,0,52070800,audio_40_17_0
audio_41_06,audio,41,06,1920-01-01 08:05:12,1920-01-02 00:05:11,0,57599990,audio_41_06_0
audio_41_07,audio,41,07,1920-01-01 06:53:12,1920-01-01 22:53:11,0,57599990,audio_41_07_0
audio_41_08,audio,41,08,1920-01-01 08:19:42,1920-01-02 00:19:41,0,57599990,audio_41_08_0
audio_41_09,audio,41,09,1920-01-01 08:30:25,1920-01-02 00:30:24,0,57599990,audio_41_09_0
audio_41_10,audio,41,10,1920-01-01 08:25:56,1920-01-02 00:25:55,0,57599990,audio_41_10_0
audio_41_11,audio,41,11,1920-01-01 08:50:18,1920-01-02 00:50:17,0,57599990,audio_41_11_0
audio_41_12,audio,41,12,1920-01-01 09:34:15,1920-01-02 01:34:14,0,57599990,audio_41_12_0
audio_41_13,audio,41,13,1920-01-01 09:36:53,1920-01-02 01:36:52,0,57599990,audio_41_13_0
audio_41_14,audio,41,14,1920-01-01 08:50:25,1920-01-02 00:50:24,0,57599990,audio_41_14_0
audio_41_15,audio,41,15,1920-01-01 07:52:55,1920-01-01 23:52:54,0,57599990,audio_41_15_0
audio_41_16,audio,41,16,1920-01-01 07:24:54,1920-01-01 23:24:53,0,57599990,audio_41_16_0
audio_41_17,audio,41,17,1920-01-01 08:15:30,1920-01-02 00:15:29,0,57599990,audio_41_17_0
audio_42_06,audio,42,06,1920-01-01 07:14:41,1920-01-01 23:14:40,0,57599990,audio_42_06_0
audio_42_07,audio,42,07,1920-01-01 06:53:22,1920-01-01 22:53:21,0,57599990,audio_42_07_0
audio_42_08,audio,42,08,1920-01-01 08:17:28,1920-01-02 00:17:27,0,57599990,audio_42_08_0
audio_42_09,audio,42,09,1920-01-01 08:31:23,1920-01-02 00:31:22,0,57599990,audio_42_09_0
audio_42_10,audio,42,10,1920-01-01 08:24:29,1920-01-02 00:24:28,0,57599990,audio_42_10_0
audio_42_11,audio,42,11,1920-01-01 08:49:58,1920-01-02 00:49:57,0,57599990,audio_42_11_0
audio_42_12,audio,42,12,1920-01-01 09:34:05,1920-01-02 01:34:04,0,57599990,audio_42_12_0
audio_42_13,audio,42,13,1920-01-01 09:43:36,1920-01-02 01:43:35,0,57599990,audio_42_13_0
audio_42_14,audio,42,14,1920-01-01 08:51:51,1920-01-02 00:51:50,0,57599990,audio_42_14_0
audio_42_15,audio,42,15,1920-01-01 07:56:16,1920-01-01 23:56:15,0,57599990,audio_42_15_0
audio_42_16,audio,42,16,1920-01-01 07:31:53,1920-01-01 23:31:52,0,57599990,audio_42_16_0
audio_42_17,audio,42,17,1920-01-01 08:19:13,1920-01-02 00:19:12,0,57599990,audio_42_17_0
audio_43_06,audio,43,06,1920-01-01 15:07:50,1920-01-01 15:07:58,0,8100,audio_43_06_0
audio_43_06,audio,43,06,1920-01-02 10:06:38,1920-01-02 20:46:31,8100,38401490,audio_43_06_8100
audio_43_07,audio,43,07,1920-01-01 07:27:19,1920-01-01 22:35:17,0,54478240,audio_43_07_0
audio_43_08,audio,43,08,1920-01-01 09:04:11,1920-01-01 10:30:54,0,5203420,audio_43_08_0
audio_43_08,audio,43,08,1920-01-01 11:25:40,1920-01-01 22:42:54,5203420,45837800,audio_43_08_5203420
audio_43_09,audio,43,09,1920-01-01 07:25:41,1920-01-01 23:15:39,0,56998860,audio_43_09_0
audio_43_10,audio,43,10,1920-01-01 09:34:17,1920-01-01 23:39:01,0,50684490,audio_43_10_0
audio_43_11,audio,43,11,1920-01-01 09:55:06,1920-01-01 23:13:18,0,47892800,audio_43_11_0
audio_43_12,audio,43,12,1920-01-01 10:12:55,1920-01-01 21:40:49,0,41274300,audio_43_12_0
audio_43_13,audio,43,13,1920-01-01 08:57:59,1920-01-01 21:30:59,0,45180610,audio_43_13_0
audio_43_14,audio,43,14,1920-01-01 08:32:21,1920-01-01 20:31:37,0,43156180,audio_43_14_0
audio_43_15,audio,43,15,1920-01-01 07:38:56,1920-01-01 19:26:50,0,42474860,audio_43_15_0
audio_43_16,audio,43,16,1920-01-01 07:27:40,1920-01-01 20:12:11,0,45871800,audio_43_16_0
audio_43_17,audio,43,17,1920-01-01 07:27:30,1920-01-01 20:35:00,0,47250360,audio_43_17_0
audio_44_06,audio,44,06,1920-01-01 04:14:50,1920-01-01 20:14:49,0,57599990,audio_44_06_0
audio_44_07,audio,44,07,1920-01-01 08:36:33,1920-01-01 19:38:37,0,39724680,audio_44_07_0
audio_44_08,audio,44,08,1920-01-01 03:14:57,1920-01-01 14:23:58,0,40141480,audio_44_08_0
audio_44_08,audio,44,08,1920-01-01 16:22:23,1920-01-01 17:20:23,40141480,43622180,audio_44_08_40141480
audio_44_09,audio,44,09,1920-01-01 08:52:07,1920-01-01 09:11:27,0,1160730,audio_44_09_0
audio_44_09,audio,44,09,1920-01-01 09:11:30,1920-01-01 09:11:35,1160730,1166600,audio_44_09_1160730
audio_44_09,audio,44,09,1920-01-01 09:11:46,1920-01-01 09:12:04,1166600,1185230,audio_44_09_1166600
audio_44_09,audio,44,09,1920-01-01 09:12:30,1920-01-01 09:49:07,1185230,3382920,audio_44_09_1185230
audio_44_09,audio,44,09,1920-01-01 09:51:19,1920-01-01 09:51:54,3382920,3418600,audio_44_09_3382920
audio_44_09,audio,44,09,1920-01-01 09:53:14,1920-01-01 19:13:15,3418600,37020290,audio_44_09_3418600
audio_44_09,audio,44,09,1920-01-02 11:09:20,1920-01-02 11:43:30,37020290,39071040,audio_44_09_37020290
audio_44_09,audio,44,09,1920-01-02 13:28:40,1920-01-02 13:30:52,39071040,39203420,audio_44_09_39071040
audio_44_09,audio,44,09,1920-01-02 13:31:21,1920-01-02 13:32:34,39203420,39276420,audio_44_09_39203420
audio_44_09,audio,44,09,1920-01-02 13:33:10,1920-01-02 13:46:48,39276420,40095360,audio_44_09_39276420
audio_44_10,audio,44,10,1920-01-01 08:31:02,1920-01-02 00:31:01,0,57599990,audio_44_10_0
audio_44_11,audio,44,11,1920-01-01 07:54:29,1920-01-01 20:35:20,0,45651550,audio_44_11_0
audio_44_12,audio,44,12,1920-01-01 08:09:21,1920-01-01 19:39:24,0,41403800,audio_44_12_0
audio_44_13,audio,44,13,1920-01-01 07:55:42,1920-01-01 20:55:48,0,46806240,audio_44_13_0
audio_44_14,audio,44,14,1920-01-01 07:00:22,1920-01-01 16:52:32,0,35530040,audio_44_14_0
audio_44_14,audio,44,14,1920-01-02 06:28:18,1920-01-02 06:52:26,35530040,36978480,audio_44_14_35530040
audio_44_14,audio,44,14,1920-01-02 07:17:32,1920-01-02 08:10:17,36978480,40144050,audio_44_14_36978480
audio_44_15,audio,44,15,1920-01-01 08:11:13,1920-01-01 17:36:20,0,33907430,audio_44_15_0
audio_44_16,audio,44,16,1920-01-01 06:44:15,1920-01-01 17:06:22,0,37327860,audio_44_16_0
audio_44_17,audio,44,17,1920-01-01 07:36:01,1920-01-01 16:56:06,0,33605860,audio_44_17_0
audio_45_06,audio,45,06,1920-01-01 06:33:41,1920-01-01 19:16:56,0,45795990,audio_45_06_0
audio_45_07,audio,45,07,1920-01-01 08:22:00,1920-01-01 18:57:00,0,38100930,audio_45_07_0
audio_45_08,audio,45,08,1920-01-01 06:38:06,1920-01-01 20:32:21,0,50055300,audio_45_08_0
audio_45_09,audio,45,09,1920-01-01 06:17:45,1920-01-01 20:18:42,0,50457740,audio_45_09_0
audio_45_10,audio,45,10,1920-01-01 07:40:28,1920-01-01 10:20:25,0,9597440,audio_45_10_0
audio_45_10,audio,45,10,1920-01-01 12:58:04,1920-01-01 15:36:38,9597440,19111950,audio_45_10_9597440
audio_45_11,audio,45,11,1920-01-01 11:19:10,1920-01-02 03:19:09,0,57599990,audio_45_11_0
audio_45_12,audio,45,12,1920-01-01 09:25:44,1920-01-01 21:43:43,0,44279490,audio_45_12_0
audio_45_13,audio,45,13,1920-01-01 06:41:50,1920-01-01 20:15:51,0,48841800,audio_45_13_0
audio_45_14,audio,45,14,1920-01-01 07:51:56,1920-01-01 20:27:42,0,45346240,audio_45_14_0
audio_45_15,audio,45,15,1920-01-01 07:09:27,1920-01-01 18:44:35,0,41708610,audio_45_15_0
audio_45_16,audio,45,16,1920-01-01 07:57:51,1920-01-01 19:18:49,0,40858680,audio_45_16_0
audio_45_17,audio,45,17,1920-01-01 06:46:16,1920-01-01 09:22:49,0,9393230,audio_45_17_0
audio_45_17,audio,45,17,1920-01-01 12:06:07,1920-01-01 18:55:55,9393230,33981490,audio_45_17_9393230
audio_46_06,audio,46,06,1920-01-01 10:06:30,1920-01-01 21:18:01,0,40291490,audio_46_06_0
audio_46_07,audio,46,07,1920-01-01 09:19:21,1920-01-01 20:01:51,0,38550240,audio_46_07_0
audio_46_08,audio,46,08,1920-01-01 08:05:22,1920-01-01 13:04:01,0,17919040,audio_46_08_0
audio_46_08,audio,46,08,1920-01-01 13:31:02,1920-01-01 19:09:48,17919040,38245610,audio_46_08_17919040
audio_46_09,audio,46,09,1920-01-01 08:51:31,1920-01-01 20:06:51,0,40520800,audio_46_09_0
audio_46_10,audio,46,10,1920-01-01 09:49:27,1920-01-01 20:46:29,0,39422550,audio_46_10_0
audio_46_11,audio,46,11,1920-01-01 09:25:52,1920-01-02 01:25:51,0,57599990,audio_46_11_0
audio_46_12,audio,46,12,1920-01-01 09:41:30,1920-01-01 20:36:01,0,39271550,audio_46_12_0
audio_46_13,audio,46,13,1920-01-01 08:45:09,1920-01-01 21:08:02,0,44573740,audio_46_13_0
audio_46_14,audio,46,14,1920-01-01 09:12:58,1920-01-01 19:55:40,0,38562610,audio_46_14_0
audio_46_15,audio,46,15,1920-01-01 08:43:03,1920-01-01 19:34:57,0,39114490,audio_46_15_0
audio_46_16,audio,46,16,1920-01-01 07:43:36,1920-01-01 18:42:29,0,39533860,audio_46_16_0
audio_46_17,audio,46,17,1920-01-01 07:53:14,1920-01-01 19:14:18,0,40864240,audio_46_17_0
video_01_06,video,01,06,1920-01-01 16:25:11,1920-01-01 17:26:00,0,3649000,video_01_06_0
video_01_07,video,01,07,1920-01-01 15:01:33,1920-01-01 16:06:58,0,3925000,video_01_07_0
video_01_08,video,01,08,1920-01-01 15:54:17,1920-01-01 17:00:45,0,3988000,video_01_08_0
video_01_09,video,01,09,1920-01-01 10:12:43,1920-01-01 11:08:48,0,3365000,video_01_09_0
video_01_10,video,01,10,1920-01-01 15:59:14,1920-01-01 16:59:54,0,3640000,video_01_10_0
video_01_11,video,01,11,1920-01-01 16:15:38,1920-01-01 17:15:19,0,3581000,video_01_11_0
video_01_12,video,01,12,1920-01-01 16:09:55,1920-01-01 17:11:49,0,3714000,video_01_12_0
video_01_13,video,01,13,1920-01-01 13:47:30,1920-01-01 14:50:31,0,3781000,video_01_13_0
video_01_14,video,01,14,1920-01-01 15:48:46,1920-01-01 16:54:12,0,3926000,video_01_14_0
video_01_15,video,01,15,1920-01-01 10:02:00,1920-01-01 11:04:54,0,3774000,video_01_15_0
video_01_16,video,01,16,1920-01-01 15:49:55,1920-01-01 16:50:45,0,3650000,video_01_16_0
video_01_17,video,01,17,1920-01-01 16:02:56,1920-01-01 17:01:20,0,3504000,video_01_17_0
video_02_06,video,02,06,1920-01-01 09:53:45,1920-01-01 10:44:29,0,3044000,video_02_06_0
video_02_07,video,02,07,1920-01-01 09:54:16,1920-01-01 11:01:47,0,4051000,video_02_07_0
video_02_08,video,02,08,1920-01-01 10:42:59,1920-01-01 11:43:18,0,3619000,video_02_08_0
video_02_09,video,02,09,1920-01-01 11:25:49,1920-01-01 12:47:28,0,4899000,video_02_09_0
video_02_10,video,02,10,1920-01-01 11:15:24,1920-01-01 12:14:49,0,3565000,video_02_10_0
video_02_11,video,02,11,1920-01-01 11:45:03,1920-01-01 12:46:21,0,3678000,video_02_11_0
video_02_12,video,02,12,1920-01-01 15:21:21,1920-01-01 16:21:33,0,3612000,video_02_12_0
video_02_13,video,02,13,1920-01-01 11:08:22,1920-01-01 12:08:38,0,3616000,video_02_13_0
video_02_14,video,02,14,1920-01-01 15:44:15,1920-01-01 16:46:55,0,3760000,video_02_14_0
video_02_15,video,02,15,1920-01-01 11:21:13,1920-01-01 12:23:28,0,3735000,video_02_15_0
video_02_16,video,02,16,1920-01-01 15:21:11,1920-01-01 16:24:01,0,3770000,video_02_16_0
video_02_17,video,02,17,1920-01-01 15:39:05,1920-01-01 16:39:35,0,3630000,video_02_17_0
video_03_06,video,03,06,1920-01-01 10:14:24,1920-01-01 11:19:27,0,3903000,video_03_06_0
video_03_07,video,03,07,1920-01-01 09:50:00,1920-01-01 10:59:36,0,4176000,video_03_07_0
video_03_08,video,03,08,1920-01-01 10:13:13,1920-01-01 11:16:48,0,3815000,video_03_08_0
video_03_09,video,03,09,1920-01-01 11:17:53,1920-01-01 12:22:26,0,3873000,video_03_09_0
video_03_10,video,03,10,1920-01-01 10:22:35,1920-01-01 11:27:02,0,3867000,video_03_10_0
video_03_11,video,03,11,1920-01-01 10:12:10,1920-01-01 11:16:10,0,3840000,video_03_11_0
video_03_12,video,03,12,1920-01-01 10:01:26,1920-01-01 11:05:27,0,3841000,video_03_12_0
video_03_13,video,03,13,1920-01-01 10:06:39,1920-01-01 10:59:06,0,3147000,video_03_13_0
video_03_14,video,03,14,1920-01-01 10:12:56,1920-01-01 11:17:29,0,3873000,video_03_14_0
video_03_15,video,03,15,1920-01-01 10:10:02,1920-01-01 11:08:18,0,3496000,video_03_15_0
video_03_16,video,03,16,1920-01-01 09:41:24,1920-01-01 10:42:10,0,3646000,video_03_16_0
video_03_17,video,03,17,1920-01-01 09:42:27,1920-01-01 10:47:27,0,3900000,video_03_17_0
video_04_06,video,04,06,1920-01-01 10:31:18,1920-01-01 11:32:53,0,3695000,video_04_06_0
video_04_07,video,04,07,1920-01-01 11:09:33,1920-01-01 12:15:00,0,3927000,video_04_07_0
video_04_08,video,04,08,1920-01-01 13:07:14,1920-01-01 14:12:22,0,3908000,video_04_08_0
video_04_09,video,04,09,1920-01-01 10:51:40,1920-01-01 11:49:54,0,3494000,video_04_09_0
video_04_10,video,04,10,1920-01-01 13:20:59,1920-01-01 14:26:52,0,3953000,video_04_10_0
video_04_11,video,04,11,1920-01-01 12:43:54,1920-01-01 13:50:32,0,3998000,video_04_11_0
video_04_12,video,04,12,1920-01-01 12:23:21,1920-01-01 13:21:43,0,3502000,video_04_12_0
video_04_13,video,04,13,1920-01-01 14:10:28,1920-01-01 15:17:26,0,4018000,video_04_13_0
video_04_14,video,04,14,1920-01-01 10:11:55,1920-01-01 11:13:26,0,3691000,video_04_14_0
video_04_15,video,04,15,1920-01-01 13:24:48,1920-01-01 14:25:00,0,3612000,video_04_15_0
video_04_16,video,04,16,1920-01-01 14:00:23,1920-01-01 15:00:52,0,3629000,video_04_16_0
video_04_17,video,04,17,1920-01-01 14:21:20,1920-01-01 15:24:23,0,3783000,video_04_17_0
video_06_06,video,06,06,1920-01-01 16:28:57,1920-01-01 17:43:49,0,4492000,video_06_06_0
video_06_07,video,06,07,1920-01-01 17:11:57,1920-01-01 18:09:18,0,3441000,video_06_07_0
video_06_08,video,06,08,1920-01-01 16:58:06,1920-01-01 17:58:00,0,3594000,video_06_08_0
video_06_09,video,06,09,1920-01-01 16:48:00,1920-01-01 17:48:21,0,3621000,video_06_09_0
video_06_10,video,06,10,1920-01-01 17:07:10,1920-01-01 18:04:38,0,3448000,video_06_10_0
video_06_11,video,06,11,1920-01-01 16:15:26,1920-01-01 17:16:47,0,3681000,video_06_11_0
video_06_12,video,06,12,1920-01-01 10:12:38,1920-01-01 11:13:53,0,3675000,video_06_12_0
video_06_13,video,06,13,1920-01-01 10:53:50,1920-01-01 11:55:49,0,3719000,video_06_13_0
video_06_14,video,06,14,1920-01-01 16:23:57,1920-01-01 17:36:42,0,4365000,video_06_14_0
video_06_15,video,06,15,1920-01-01 16:50:54,1920-01-01 17:51:34,0,3640000,video_06_15_0
video_06_16,video,06,16,1920-01-01 16:39:24,1920-01-01 17:37:12,0,3468000,video_06_16_0
video_06_17,video,06,17,1920-01-01 11:14:52,1920-01-01 12:17:08,0,3736000,video_06_17_0
video_07_06,video,07,06,1920-01-01 17:52:07,1920-01-01 19:01:18,0,4151000,video_07_06_0
video_07_07,video,07,07,1920-01-01 10:28:03,1920-01-01 11:02:41,0,2078000,video_07_07_0
video_07_08,video,07,08,1920-01-01 17:41:51,1920-01-01 18:41:14,0,3563000,video_07_08_0
video_07_09,video,07,09,1920-01-01 17:47:51,1920-01-01 18:47:27,0,3576000,video_07_09_0
video_07_10,video,07,10,1920-01-01 17:36:46,1920-01-01 18:38:28,0,3702000,video_07_10_0
video_07_11,video,07,11,1920-01-01 17:36:53,1920-01-01 18:35:43,0,3530000,video_07_11_0
video_07_12,video,07,12,1920-01-01 17:58:27,1920-01-01 18:59:33,0,3666000,video_07_12_0
video_07_13,video,07,13,1920-01-01 17:44:09,1920-01-01 18:45:38,0,3689000,video_07_13_0
video_07_14,video,07,14,1920-01-01 17:53:25,1920-01-01 18:56:59,0,3814000,video_07_14_0
video_07_15,video,07,15,1920-01-01 17:30:00,1920-01-01 18:34:01,0,3841000,video_07_15_0
video_07_16,video,07,16,1920-01-01 17:42:28,1920-01-01 18:45:25,0,3777000,video_07_16_0
video_07_17,video,07,17,1920-01-01 17:44:07,1920-01-01 18:43:15,0,3548000,video_07_17_0
video_08_06,video,08,06,1920-01-01 13:57:28,1920-01-01 15:00:06,0,3758000,video_08_06_0
video_08_07,video,08,07,1920-01-01 14:12:41,1920-01-01 15:18:28,0,3947000,video_08_07_0
video_08_08,video,08,08,1920-01-01 15:43:14,1920-01-01 16:45:30,0,3736000,video_08_08_0
video_08_09,video,08,09,1920-01-01 16:08:00,1920-01-01 17:04:24,0,3384000,video_08_09_0
video_08_10,video,08,10,1920-01-01 15:42:31,1920-01-01 16:48:39,0,3968000,video_08_10_0
video_08_11,video,08,11,1920-01-01 15:44:00,1920-01-01 16:46:02,0,3722000,video_08_11_0
video_08_12,video,08,12,1920-01-01 14:38:08,1920-01-01 15:41:23,0,3795000,video_08_12_0
video_08_13,video,08,13,1920-01-01 15:59:23,1920-01-01 16:59:43,0,3620000,video_08_13_0
video_08_14,video,08,14,1920-01-01 15:56:48,1920-01-01 17:00:07,0,3799000,video_08_14_0
video_08_15,video,08,15,1920-01-01 16:12:03,1920-01-01 17:12:21,0,3618000,video_08_15_0
video_08_16,video,08,16,1920-01-01 16:20:55,1920-01-01 17:20:59,0,3604000,video_08_16_0
video_08_17,video,08,17,1920-01-01 16:17:55,1920-01-01 17:16:35,0,3520000,video_08_17_0
video_09_06,video,09,06,1920-01-01 09:57:17,1920-01-01 11:00:02,0,3765000,video_09_06_0
video_09_07,video,09,07,1920-01-01 13:55:40,1920-01-01 15:02:07,0,3987000,video_09_07_0
video_09_08,video,09,08,1920-01-01 11:02:29,1920-01-01 12:03:25,0,3656000,video_09_08_0
video_09_09,video,09,09,1920-01-01 11:46:49,1920-01-01 12:50:23,0,3814000,video_09_09_0
video_09_10,video,09,10,1920-01-01 12:20:56,1920-01-01 13:22:52,0,3716000,video_09_10_0
video_09_11,video,09,11,1920-01-01 12:57:57,1920-01-01 13:59:55,0,3718000,video_09_11_0
video_09_12,video,09,12,1920-01-01 14:40:37,1920-01-01 15:40:18,0,3581000,video_09_12_0
video_09_13,video,09,13,1920-01-01 15:46:33,1920-01-01 16:49:16,0,3763000,video_09_13_0
video_09_14,video,09,14,1920-01-01 09:40:10,1920-01-01 10:46:39,0,3989000,video_09_14_0
video_09_15,video,09,15,1920-01-01 14:00:00,1920-01-01 15:01:47,0,3707000,video_09_15_0
video_09_16,video,09,16,1920-01-01 10:03:42,1920-01-01 11:02:35,0,3533000,video_09_16_0
video_09_17,video,09,17,1920-01-01 09:38:30,1920-01-01 10:38:54,0,3624000,video_09_17_0
video_10_06,video,10,06,1920-01-01 10:01:08,1920-01-01 11:04:51,0,3823000,video_10_06_0
video_10_07,video,10,07,1920-01-01 15:46:02,1920-01-01 16:52:02,0,3960000,video_10_07_0
video_10_08,video,10,08,1920-01-01 09:47:26,1920-01-01 10:51:07,0,3821000,video_10_08_0
video_10_09,video,10,09,1920-01-01 14:02:30,1920-01-01 15:09:24,0,4014000,video_10_09_0
video_10_10,video,10,10,1920-01-01 10:24:23,1920-01-01 11:19:27,0,3304000,video_10_10_0
video_10_11,video,10,11,1920-01-01 13:47:31,1920-01-01 14:38:54,0,3083000,video_10_11_0
video_10_12,video,10,12,1920-01-01 12:44:14,1920-01-01 13:50:06,0,3952000,video_10_12_0
video_10_13,video,10,13,1920-01-01 13:41:39,1920-01-01 14:42:56,0,3677000,video_10_13_0
video_10_14,video,10,14,1920-01-01 12:37:23,1920-01-01 13:38:34,0,3671000,video_10_14_0
video_10_15,video,10,15,1920-01-01 12:54:41,1920-01-01 13:57:13,0,3752000,video_10_15_0
video_10_16,video,10,16,1920-01-01 11:03:14,1920-01-01 12:05:24,0,3730000,video_10_16_0
video_10_17,video,10,17,1920-01-01 13:50:42,1920-01-01 14:49:46,0,3544000,video_10_17_0
video_11_06,video,11,06,1920-01-01 18:06:48,1920-01-01 19:10:06,0,3798000,video_11_06_0
video_11_07,video,11,07,1920-01-01 17:56:32,1920-01-01 18:59:52,0,3800000,video_11_07_0
video_11_08,video,11,08,1920-01-01 17:35:37,1920-01-01 18:35:21,0,3584000,video_11_08_0
video_11_09,video,11,09,1920-01-01 17:23:21,1920-01-01 18:24:18,0,3657000,video_11_09_0
video_11_10,video,11,10,1920-01-01 17:33:46,1920-01-01 18:35:45,0,3719000,video_11_10_0
video_11_11,video,11,11,1920-01-01 18:02:54,1920-01-01 19:03:32,0,3638000,video_11_11_0
video_11_12,video,11,12,1920-01-01 17:34:41,1920-01-01 18:36:30,0,3709000,video_11_12_0
video_11_13,video,11,13,1920-01-01 17:30:00,1920-01-01 18:30:48,0,3648000,video_11_13_0
video_11_14,video,11,14,1920-01-01 17:44:35,1920-01-01 18:44:41,0,3606000,video_11_14_0
video_11_15,video,11,15,1920-01-01 17:42:15,1920-01-01 18:42:56,0,3641000,video_11_15_0
video_11_16,video,11,16,1920-01-01 18:06:29,1920-01-01 19:05:42,0,3553000,video_11_16_0
video_11_17,video,11,17,1920-01-01 17:46:50,1920-01-01 18:46:31,0,3581000,video_11_17_0
video_12_06,video,12,06,1920-01-01 10:22:05,1920-01-01 11:23:26,0,3681000,video_12_06_0
video_12_07,video,12,07,1920-01-01 11:14:06,1920-01-01 12:09:37,0,3331000,video_12_07_0
video_12_08,video,12,08,1920-01-01 12:00:00,1920-01-01 12:59:37,0,3577000,video_12_08_0
video_12_09,video,12,09,1920-01-01 15:35:00,1920-01-01 16:34:50,0,3590000,video_12_09_0
video_12_10,video,12,10,1920-01-01 13:13:08,1920-01-01 14:03:46,0,3038000,video_12_10_0
video_12_11,video,12,11,1920-01-01 13:43:21,1920-01-01 14:40:18,0,3417000,video_12_11_0
video_12_12,video,12,12,1920-01-01 12:08:48,1920-01-01 13:10:50,0,3722000,video_12_12_0
video_12_13,video,12,13,1920-01-01 15:55:32,1920-01-01 16:58:08,0,3756000,video_12_13_0
video_12_14,video,12,14,1920-01-01 15:14:45,1920-01-01 16:16:48,0,3723000,video_12_14_0
video_12_15,video,12,15,1920-01-01 15:22:14,1920-01-01 16:23:27,0,3673000,video_12_15_0
video_12_16,video,12,16,1920-01-01 10:07:01,1920-01-01 11:07:07,0,3606000,video_12_16_0
video_12_17,video,12,17,1920-01-01 13:14:57,1920-01-01 14:14:43,0,3586000,video_12_17_0
video_13_06,video,13,06,1920-01-01 16:40:51,1920-01-01 17:49:27,0,4116000,video_13_06_0
video_13_07,video,13,07,1920-01-01 16:47:41,1920-01-01 17:49:47,0,3726000,video_13_07_0
video_13_08,video,13,08,1920-01-01 16:41:34,1920-01-01 17:44:06,0,3752000,video_13_08_0
video_13_09,video,13,09,1920-01-01 16:40:58,1920-01-01 17:41:59,0,3661000,video_13_09_0
video_13_10,video,13,10,1920-01-01 16:47:22,1920-01-01 17:45:59,0,3517000,video_13_10_0
video_13_11,video,13,11,1920-01-01 16:50:03,1920-01-01 17:53:05,0,3782000,video_13_11_0
video_13_12,video,13,12,1920-01-01 17:07:54,1920-01-01 18:08:06,0,3612000,video_13_12_0
video_13_13,video,13,13,1920-01-01 17:10:59,1920-01-01 18:08:56,0,3477000,video_13_13_0
video_13_14,video,13,14,1920-01-01 17:23:00,1920-01-01 18:24:20,0,3680000,video_13_14_0
video_13_15,video,13,15,1920-01-01 17:57:53,1920-01-01 18:57:00,0,3547000,video_13_15_0
video_13_16,video,13,16,1920-01-01 17:41:13,1920-01-01 18:38:54,0,3461000,video_13_16_0
video_13_17,video,13,17,1920-01-01 17:29:27,1920-01-01 18:28:17,0,3530000,video_13_17_0
video_14_06,video,14,06,1920-01-01 12:42:06,1920-01-01 13:47:16,0,3910000,video_14_06_0
video_14_07,video,14,07,1920-01-01 14:14:48,1920-01-01 15:13:25,0,3517000,video_14_07_0
video_14_08,video,14,08,1920-01-01 15:15:41,1920-01-01 16:23:04,0,4043000,video_14_08_0
video_14_09,video,14,09,1920-01-01 14:11:36,1920-01-01 15:13:35,0,3719000,video_14_09_0
video_14_10,video,14,10,1920-01-01 15:26:03,1920-01-01 16:23:45,0,3462000,video_14_10_0
video_14_11,video,14,11,1920-01-01 12:31:59,1920-01-01 13:33:27,0,3688000,video_14_11_0
video_14_12,video,14,12,1920-01-01 14:45:05,1920-01-01 15:44:00,0,3535000,video_14_12_0
video_14_13,video,14,13,1920-01-01 13:26:34,1920-01-01 14:30:44,0,3850000,video_14_13_0
video_14_14,video,14,14,1920-01-01 13:11:02,1920-01-01 14:13:34,0,3752000,video_14_14_0
video_14_15,video,14,15,1920-01-01 13:10:35,1920-01-01 14:10:07,0,3572000,video_14_15_0
video_14_16,video,14,16,1920-01-01 13:51:58,1920-01-01 14:52:06,0,3608000,video_14_16_0
video_14_17,video,14,17,1920-01-01 13:51:17,1920-01-01 14:54:39,0,3802000,video_14_17_0
video_15_06,video,15,06,1920-01-01 15:59:55,1920-01-01 16:57:33,0,3458000,video_15_06_0
video_15_07,video,15,07,1920-01-01 12:40:40,1920-01-01 13:37:05,0,3385000,video_15_07_0
video_15_08,video,15,08,1920-01-01 10:20:52,1920-01-01 11:22:49,0,3717000,video_15_08_0
video_15_09,video,15,09,1920-01-01 10:00:43,1920-01-01 11:01:08,0,3625000,video_15_09_0
video_15_10,video,15,10,1920-01-01 10:06:45,1920-01-01 11:04:28,0,3463000,video_15_10_0
video_15_11,video,15,11,1920-01-01 10:09:26,1920-01-01 11:10:29,0,3663000,video_15_11_0
video_15_12,video,15,12,1920-01-01 13:49:01,1920-01-01 14:50:50,0,3709000,video_15_12_0
video_15_13,video,15,13,1920-01-01 09:51:27,1920-01-01 10:52:40,0,3673000,video_15_13_0
video_15_14,video,15,14,1920-01-01 13:44:53,1920-01-01 14:47:17,0,3744000,video_15_14_0
video_15_15,video,15,15,1920-01-01 10:07:36,1920-01-01 11:04:35,0,3419000,video_15_15_0
video_15_16,video,15,16,1920-01-01 10:05:37,1920-01-01 11:05:58,0,3621000,video_15_16_0
video_15_17,video,15,17,1920-01-01 10:04:37,1920-01-01 11:06:38,0,3721000,video_15_17_0
video_16_06,video,16,06,1920-01-01 13:29:24,1920-01-01 14:29:20,0,3596000,video_16_06_0
video_16_07,video,16,07,1920-01-01 13:14:01,1920-01-01 14:17:48,0,3827000,video_16_07_0
video_16_08,video,16,08,1920-01-01 13:04:57,1920-01-01 14:06:15,0,3678000,video_16_08_0
video_16_09,video,16,09,1920-01-01 13:39:31,1920-01-01 14:39:32,0,3601000,video_16_09_0
video_16_10,video,16,10,1920-01-01 14:40:17,1920-01-01 15:43:53,0,3816000,video_16_10_0
video_16_11,video,16,11,1920-01-01 10:31:59,1920-01-01 11:35:03,0,3784000,video_16_11_0
video_16_12,video,16,12,1920-01-01 13:47:42,1920-01-01 14:47:27,0,3585000,video_16_12_0
video_16_13,video,16,13,1920-01-01 13:45:48,1920-01-01 14:47:33,0,3705000,video_16_13_0
video_16_14,video,16,14,1920-01-01 13:56:07,1920-01-01 14:55:19,0,3552000,video_16_14_0
video_16_15,video,16,15,1920-01-01 13:41:04,1920-01-01 14:46:21,0,3917000,video_16_15_0
video_16_16,video,16,16,1920-01-01 14:04:20,1920-01-01 15:05:54,0,3694000,video_16_16_0
video_16_17,video,16,17,1920-01-01 13:50:03,1920-01-01 14:51:05,0,3662000,video_16_17_0
video_17_07,video,17,07,1920-01-01 10:58:59,1920-01-01 12:03:02,0,3843000,video_17_07_0
video_17_08,video,17,08,1920-01-01 10:38:26,1920-01-01 11:39:02,0,3636000,video_17_08_0
video_17_09,video,17,09,1920-01-01 11:05:35,1920-01-01 12:07:00,0,3685000,video_17_09_0
video_17_10,video,17,10,1920-01-01 16:09:27,1920-01-01 17:10:19,0,3652000,video_17_10_0
video_17_11,video,17,11,1920-01-01 12:04:29,1920-01-01 13:06:56,0,3747000,video_17_11_0
video_17_12,video,17,12,1920-01-01 12:30:39,1920-01-01 13:27:55,0,3436000,video_17_12_0
video_17_13,video,17,13,1920-01-01 12:21:41,1920-01-01 13:22:22,0,3641000,video_17_13_0
video_17_14,video,17,14,1920-01-01 11:12:57,1920-01-01 12:11:12,0,3495000,video_17_14_0
video_17_15,video,17,15,1920-01-01 12:17:13,1920-01-01 13:16:26,0,3553000,video_17_15_0
video_17_16,video,17,16,1920-01-01 15:09:16,1920-01-01 16:08:02,0,3526000,video_17_16_0
video_17_17,video,17,17,1920-01-01 15:55:07,1920-01-01 17:00:29,0,3922000,video_17_17_0
video_18_06,video,18,06,1920-01-01 16:56:10,1920-01-01 18:01:24,0,3914000,video_18_06_0
video_18_07,video,18,07,1920-01-01 16:43:58,1920-01-01 17:45:58,0,3720000,video_18_07_0
video_18_08,video,18,08,1920-01-01 17:15:37,1920-01-01 18:15:15,0,3578000,video_18_08_0
video_18_09,video,18,09,1920-01-01 17:23:44,1920-01-01 18:18:10,0,3266000,video_18_09_0
video_18_10,video,18,10,1920-01-01 17:24:40,1920-01-01 18:24:44,0,3604000,video_18_10_0
video_18_11,video,18,11,1920-01-01 17:14:12,1920-01-01 18:17:09,0,3777000,video_18_11_0
video_18_12,video,18,12,1920-01-01 17:45:45,1920-01-01 18:46:04,0,3619000,video_18_12_0
video_18_13,video,18,13,1920-01-01 17:16:40,1920-01-01 18:16:17,0,3577000,video_18_13_0
video_18_14,video,18,14,1920-01-01 17:35:24,1920-01-01 18:31:42,0,3378000,video_18_14_0
video_18_15,video,18,15,1920-01-01 17:46:42,1920-01-01 18:47:19,0,3637000,video_18_15_0
video_18_16,video,18,16,1920-01-01 17:43:54,1920-01-01 18:44:34,0,3640000,video_18_16_0
video_18_17,video,18,17,1920-01-01 17:57:44,1920-01-01 18:55:48,0,3484000,video_18_17_0
video_19_06,video,19,06,1920-01-01 14:05:54,1920-01-01 15:07:55,0,3721000,video_19_06_0
video_19_07,video,19,07,1920-01-01 14:17:56,1920-01-01 15:21:44,0,3828000,video_19_07_0
video_19_08,video,19,08,1920-01-01 14:22:59,1920-01-01 15:24:41,0,3702000,video_19_08_0
video_19_09,video,19,09,1920-01-01 14:19:06,1920-01-01 15:21:39,0,3753000,video_19_09_0
video_19_10,video,19,10,1920-01-01 12:23:15,1920-01-01 13:22:51,0,3576000,video_19_10_0
video_19_11,video,19,11,1920-01-01 10:23:52,1920-01-01 11:25:48,0,3716000,video_19_11_0
video_19_12,video,19,12,1920-01-01 09:53:57,1920-01-01 10:54:20,0,3623000,video_19_12_0
video_19_13,video,19,13,1920-01-01 16:10:29,1920-01-01 17:11:53,0,3684000,video_19_13_0
video_19_14,video,19,14,1920-01-01 14:46:12,1920-01-01 15:47:06,0,3654000,video_19_14_0
video_19_15,video,19,15,1920-01-01 10:00:48,1920-01-01 11:01:11,0,3623000,video_19_15_0
video_19_16,video,19,16,1920-01-01 10:03:24,1920-01-01 11:04:46,0,3682000,video_19_16_0
video_19_17,video,19,17,1920-01-01 09:57:20,1920-01-01 10:56:42,0,3562000,video_19_17_0
video_20_06,video,20,06,1920-01-01 11:10:24,1920-01-01 12:13:24,0,3780000,video_20_06_0
video_20_07,video,20,07,1920-01-01 15:42:13,1920-01-01 16:44:27,0,3734000,video_20_07_0
video_20_08,video,20,08,1920-01-01 14:57:58,1920-01-01 15:59:14,0,3676000,video_20_08_0
video_20_09,video,20,09,1920-01-01 13:34:08,1920-01-01 14:36:10,0,3722000,video_20_09_0
video_20_10,video,20,10,1920-01-01 16:09:09,1920-01-01 17:10:24,0,3675000,video_20_10_0
video_20_11,video,20,11,1920-01-01 14:33:48,1920-01-01 15:33:55,0,3607000,video_20_11_0
video_20_12,video,20,12,1920-01-01 14:02:13,1920-01-01 15:05:47,0,3814000,video_20_12_0
video_20_13,video,20,13,1920-01-01 15:38:16,1920-01-01 16:38:59,0,3643000,video_20_13_0
video_20_14,video,20,14,1920-01-01 10:29:41,1920-01-01 11:29:49,0,3608000,video_20_14_0
video_20_15,video,20,15,1920-01-01 10:25:11,1920-01-01 11:24:10,0,3539000,video_20_15_0
video_20_16,video,20,16,1920-01-01 15:05:15,1920-01-01 16:07:32,0,3737000,video_20_16_0
video_20_17,video,20,17,1920-01-01 10:56:26,1920-01-01 11:56:16,0,3590000,video_20_17_0
video_21_06,video,21,06,1920-01-01 09:20:38,1920-01-01 10:25:47,0,3909000,video_21_06_0
video_21_07,video,21,07,1920-01-01 10:18:07,1920-01-01 11:20:47,0,3760000,video_21_07_0
video_21_08,video,21,08,1920-01-01 14:16:31,1920-01-01 15:19:44,0,3793000,video_21_08_0
video_21_09,video,21,09,1920-01-01 14:59:11,1920-01-01 15:58:51,0,3580000,video_21_09_0
video_21_10,video,21,10,1920-01-01 12:10:40,1920-01-01 13:12:41,0,3721000,video_21_10_0
video_21_11,video,21,11,1920-01-01 15:43:08,1920-01-01 16:43:55,0,3647000,video_21_11_0
video_21_12,video,21,12,1920-01-01 15:16:17,1920-01-01 16:15:20,0,3543000,video_21_12_0
video_21_13,video,21,13,1920-01-01 16:45:42,1920-01-01 17:49:46,0,3844000,video_21_13_0
video_21_14,video,21,14,1920-01-01 15:51:42,1920-01-01 16:50:57,0,3555000,video_21_14_0
video_21_15,video,21,15,1920-01-01 16:17:23,1920-01-01 17:17:06,0,3583000,video_21_15_0
video_21_16,video,21,16,1920-01-01 16:32:48,1920-01-01 17:32:24,0,3576000,video_21_16_0
video_21_17,video,21,17,1920-01-01 16:23:48,1920-01-01 17:27:05,0,3797000,video_21_17_0
video_22_06,video,22,06,1920-01-01 10:09:36,1920-01-01 11:10:09,0,3633000,video_22_06_0
video_22_07,video,22,07,1920-01-01 11:50:06,1920-01-01 12:49:45,0,3579000,video_22_07_0
video_22_08,video,22,08,1920-01-01 11:41:30,1920-01-01 12:44:23,0,3773000,video_22_08_0
video_22_09,video,22,09,1920-01-01 11:08:39,1920-01-01 12:11:15,0,3756000,video_22_09_0
video_22_10,video,22,10,1920-01-01 10:12:07,1920-01-01 11:07:01,0,3294000,video_22_10_0
video_22_11,video,22,11,1920-01-01 17:10:55,1920-01-01 18:11:49,0,3654000,video_22_11_0
video_22_12,video,22,12,1920-01-01 10:19:27,1920-01-01 11:19:41,0,3614000,video_22_12_0
video_22_13,video,22,13,1920-01-01 10:03:21,1920-01-01 11:02:30,0,3549000,video_22_13_0
video_22_14,video,22,14,1920-01-01 10:23:12,1920-01-01 11:27:02,0,3830000,video_22_14_0
video_22_15,video,22,15,1920-01-01 16:21:42,1920-01-01 17:21:51,0,3609000,video_22_15_0
video_22_16,video,22,16,1920-01-01 10:07:40,1920-01-01 11:07:05,0,3565000,video_22_16_0
video_22_17,video,22,17,1920-01-01 10:28:55,1920-01-01 11:30:35,0,3700000,video_22_17_0
video_23_06,video,23,06,1920-01-01 13:16:54,1920-01-01 14:18:27,0,3693000,video_23_06_0
video_23_07,video,23,07,1920-01-01 13:12:54,1920-01-01 13:40:51,0,1677000,video_23_07_0
video_23_08,video,23,08,1920-01-01 15:46:23,1920-01-01 16:46:34,0,3611000,video_23_08_0
video_23_09,video,23,09,1920-01-01 15:51:06,1920-01-01 16:48:43,0,3457000,video_23_09_0
video_23_10,video,23,10,1920-01-01 10:13:30,1920-01-01 11:13:58,0,3628000,video_23_10_0
video_23_11,video,23,11,1920-01-01 16:15:31,1920-01-01 17:14:59,0,3568000,video_23_11_0
video_23_12,video,23,12,1920-01-01 11:26:52,1920-01-01 12:27:57,0,3665000,video_23_12_0
video_23_13,video,23,13,1920-01-01 10:15:30,1920-01-01 11:15:38,0,3608000,video_23_13_0
video_23_14,video,23,14,1920-01-01 10:12:15,1920-01-01 11:17:02,0,3887000,video_23_14_0
video_23_15,video,23,15,1920-01-01 10:18:48,1920-01-01 11:18:04,0,3556000,video_23_15_0
video_23_16,video,23,16,1920-01-01 10:19:10,1920-01-01 11:18:24,0,3554000,video_23_16_0
video_23_17,video,23,17,1920-01-01 15:24:40,1920-01-01 16:26:43,0,3723000,video_23_17_0
video_25_06,video,25,06,1920-01-01 12:00:00,1920-01-01 13:03:29,0,3809000,video_25_06_0
video_25_07,video,25,07,1920-01-01 09:37:59,1920-01-01 10:33:54,0,3355000,video_25_07_0
video_25_08,video,25,08,1920-01-01 13:25:05,1920-01-01 14:26:39,0,3694000,video_25_08_0
video_25_09,video,25,09,1920-01-01 10:34:34,1920-01-01 11:37:22,0,3768000,video_25_09_0
video_25_10,video,25,10,1920-01-01 12:08:04,1920-01-01 13:10:13,0,3729000,video_25_10_0
video_25_11,video,25,11,1920-01-01 12:18:03,1920-01-01 13:19:01,0,3658000,video_25_11_0
video_25_12,video,25,12,1920-01-01 10:15:15,1920-01-01 11:14:04,0,3529000,video_25_12_0
video_25_13,video,25,13,1920-01-01 13:03:01,1920-01-01 14:03:35,0,3634000,video_25_13_0
video_25_14,video,25,14,1920-01-01 10:17:29,1920-01-01 11:17:44,0,3615000,video_25_14_0
video_25_15,video,25,15,1920-01-01 14:10:05,1920-01-01 15:14:02,0,3837000,video_25_15_0
video_25_16,video,25,16,1920-01-01 14:14:50,1920-01-01 15:18:44,0,3834000,video_25_16_0
video_25_17,video,25,17,1920-01-01 10:15:05,1920-01-01 11:15:14,0,3609000,video_25_17_0
video_26_06,video,26,06,1920-01-01 11:16:25,1920-01-01 12:20:03,0,3818000,video_26_06_0
video_26_07,video,26,07,1920-01-01 11:07:57,1920-01-01 12:10:11,0,3734000,video_26_07_0
video_26_08,video,26,08,1920-01-01 11:20:45,1920-01-01 12:21:58,0,3673000,video_26_08_0
video_26_09,video,26,09,1920-01-01 11:47:15,1920-01-01 12:48:05,0,3650000,video_26_09_0
video_26_10,video,26,10,1920-01-01 11:02:59,1920-01-01 12:07:27,0,3868000,video_26_10_0
video_26_11,video,26,11,1920-01-01 11:49:08,1920-01-01 12:52:44,0,3816000,video_26_11_0
video_26_12,video,26,12,1920-01-01 11:39:01,1920-01-01 12:39:13,0,3612000,video_26_12_0
video_26_13,video,26,13,1920-01-01 15:30:31,1920-01-01 16:29:06,0,3515000,video_26_13_0
video_26_14,video,26,14,1920-01-01 12:18:13,1920-01-01 13:19:43,0,3690000,video_26_14_0
video_26_15,video,26,15,1920-01-01 11:42:36,1920-01-01 12:45:30,0,3774000,video_26_15_0
video_26_16,video,26,16,1920-01-01 12:08:26,1920-01-01 13:09:34,0,3668000,video_26_16_0
video_26_17,video,26,17,1920-01-01 10:04:40,1920-01-01 11:10:47,0,3967000,video_26_17_0
video_27_06,video,27,06,1920-01-01 10:19:39,1920-01-01 11:18:48,0,3549000,video_27_06_0
video_27_07,video,27,07,1920-01-01 09:35:03,1920-01-01 10:36:49,0,3706000,video_27_07_0
video_27_08,video,27,08,1920-01-01 10:23:55,1920-01-01 11:25:34,0,3699000,video_27_08_0
video_27_09,video,27,09,1920-01-01 11:12:09,1920-01-01 12:14:21,0,3732000,video_27_09_0
video_27_10,video,27,10,1920-01-01 10:12:25,1920-01-01 11:17:04,0,3879000,video_27_10_0
video_27_11,video,27,11,1920-01-01 13:45:46,1920-01-01 14:53:17,0,4051000,video_27_11_0
video_27_12,video,27,12,1920-01-01 09:42:06,1920-01-01 10:47:27,0,3921000,video_27_12_0
video_27_13,video,27,13,1920-01-01 09:47:43,1920-01-01 10:52:00,0,3857000,video_27_13_0
video_27_14,video,27,14,1920-01-01 09:47:18,1920-01-01 10:48:34,0,3676000,video_27_14_0
video_27_15,video,27,15,1920-01-01 15:37:44,1920-01-01 16:38:37,0,3653000,video_27_15_0
video_27_16,video,27,16,1920-01-01 10:05:41,1920-01-01 11:06:34,0,3653000,video_27_16_0
video_27_17,video,27,17,1920-01-01 10:08:56,1920-01-01 11:14:09,0,3913000,video_27_17_0
video_28_06,video,28,06,1920-01-01 13:31:03,1920-01-01 14:28:42,0,3459000,video_28_06_0
video_28_07,video,28,07,1920-01-01 13:07:07,1920-01-01 14:07:23,0,3616000,video_28_07_0
video_28_08,video,28,08,1920-01-01 09:42:12,1920-01-01 10:45:25,0,3793000,video_28_08_0
video_28_09,video,28,09,1920-01-01 10:19:29,1920-01-01 11:20:25,0,3656000,video_28_09_0
video_28_10,video,28,10,1920-01-01 17:13:24,1920-01-01 18:15:18,0,3714000,video_28_10_0
video_28_11,video,28,11,1920-01-01 17:46:56,1920-01-01 18:46:15,0,3559000,video_28_11_0
video_28_12,video,28,12,1920-01-01 17:56:42,1920-01-01 18:59:13,0,3751000,video_28_12_0
video_28_13,video,28,13,1920-01-01 17:46:24,1920-01-01 18:48:16,0,3712000,video_28_13_0
video_28_14,video,28,14,1920-01-01 09:50:39,1920-01-01 10:49:22,0,3523000,video_28_14_0
video_28_15,video,28,15,1920-01-01 17:47:02,1920-01-01 18:49:07,0,3725000,video_28_15_0
video_28_16,video,28,16,1920-01-01 17:40:03,1920-01-01 18:40:27,0,3624000,video_28_16_0
video_28_17,video,28,17,1920-01-01 17:42:48,1920-01-01 18:44:43,0,3715000,video_28_17_0
video_29_06,video,29,06,1920-01-01 17:25:29,1920-01-01 18:22:26,0,3417000,video_29_06_0
video_29_07,video,29,07,1920-01-01 16:08:05,1920-01-01 17:07:03,0,3538000,video_29_07_0
video_29_08,video,29,08,1920-01-01 16:39:44,1920-01-01 17:38:40,0,3536000,video_29_08_0
video_29_09,video,29,09,1920-01-01 16:49:59,1920-01-01 17:48:22,0,3503000,video_29_09_0
video_29_10,video,29,10,1920-01-01 10:25:28,1920-01-01 11:28:15,0,3767000,video_29_10_0
video_29_11,video,29,11,1920-01-01 16:18:26,1920-01-01 17:19:43,0,3677000,video_29_11_0
video_29_12,video,29,12,1920-01-01 16:14:39,1920-01-01 17:12:58,0,3499000,video_29_12_0
video_29_13,video,29,13,1920-01-01 16:19:47,1920-01-01 17:21:45,0,3718000,video_29_13_0
video_29_14,video,29,14,1920-01-01 16:34:07,1920-01-01 17:37:54,0,3827000,video_29_14_0
video_29_15,video,29,15,1920-01-01 16:22:14,1920-01-01 17:20:39,0,3505000,video_29_15_0
video_29_16,video,29,16,1920-01-01 16:17:26,1920-01-01 17:12:51,0,3325000,video_29_16_0
video_29_17,video,29,17,1920-01-01 16:21:30,1920-01-01 17:22:45,0,3675000,video_29_17_0
video_30_06,video,30,06,1920-01-01 16:50:51,1920-01-01 17:59:13,0,4102000,video_30_06_0
video_30_07,video,30,07,1920-01-01 17:12:01,1920-01-01 18:12:34,0,3633000,video_30_07_0
video_30_08,video,30,08,1920-01-01 10:04:33,1920-01-01 11:11:10,0,3997000,video_30_08_0
video_30_09,video,30,09,1920-01-01 17:14:32,1920-01-01 18:15:57,0,3685000,video_30_09_0
video_30_10,video,30,10,1920-01-01 17:17:50,1920-01-01 18:15:46,0,3476000,video_30_10_0
video_30_11,video,30,11,1920-01-01 17:22:56,1920-01-01 18:23:31,0,3635000,video_30_11_0
video_30_12,video,30,12,1920-01-01 17:27:25,1920-01-01 18:29:02,0,3697000,video_30_12_0
video_30_13,video,30,13,1920-01-01 17:28:00,1920-01-01 18:26:31,0,3511000,video_30_13_0
video_30_14,video,30,14,1920-01-01 16:25:22,1920-01-01 17:24:27,0,3545000,video_30_14_0
video_30_15,video,30,15,1920-01-01 17:28:39,1920-01-01 18:31:49,0,3790000,video_30_15_0
video_30_16,video,30,16,1920-01-01 17:36:46,1920-01-01 18:38:35,0,3709000,video_30_16_0
video_30_17,video,30,17,1920-01-01 17:30:47,1920-01-01 18:35:10,0,3863000,video_30_17_0
video_31_06,video,31,06,1920-01-01 09:45:47,1920-01-01 10:44:42,0,3535000,video_31_06_0
video_31_07,video,31,07,1920-01-01 14:10:58,1920-01-01 15:12:05,0,3667000,video_31_07_0
video_31_08,video,31,08,1920-01-01 14:30:00,1920-01-01 15:30:30,0,3630000,video_31_08_0
video_31_09,video,31,09,1920-01-01 12:30:00,1920-01-01 13:29:29,0,3569000,video_31_09_0
video_31_10,video,31,10,1920-01-01 12:12:15,1920-01-01 13:09:44,0,3449000,video_31_10_0
video_31_11,video,31,11,1920-01-01 12:34:32,1920-01-01 13:32:26,0,3474000,video_31_11_0
video_31_12,video,31,12,1920-01-01 13:12:30,1920-01-01 14:13:39,0,3669000,video_31_12_0
video_31_13,video,31,13,1920-01-01 09:59:44,1920-01-01 11:00:47,0,3663000,video_31_13_0
video_31_14,video,31,14,1920-01-01 10:13:30,1920-01-01 11:14:42,0,3672000,video_31_14_0
video_31_15,video,31,15,1920-01-01 10:17:22,1920-01-01 11:20:25,0,3783000,video_31_15_0
video_31_16,video,31,16,1920-01-01 10:12:14,1920-01-01 11:12:23,0,3609000,video_31_16_0
video_31_17,video,31,17,1920-01-01 10:12:04,1920-01-01 11:14:30,0,3746000,video_31_17_0
video_32_06,video,32,06,1920-01-01 17:14:40,1920-01-01 18:17:46,0,3786000,video_32_06_0
video_32_07,video,32,07,1920-01-01 17:09:25,1920-01-01 18:11:55,0,3750000,video_32_07_0
video_32_08,video,32,08,1920-01-01 10:40:34,1920-01-01 11:39:03,0,3509000,video_32_08_0
video_32_09,video,32,09,1920-01-01 11:00:00,1920-01-01 12:01:58,0,3718000,video_32_09_0
video_32_10,video,32,10,1920-01-01 17:09:15,1920-01-01 18:08:17,0,3542000,video_32_10_0
video_32_11,video,32,11,1920-01-01 17:11:27,1920-01-01 18:12:51,0,3684000,video_32_11_0
video_32_12,video,32,12,1920-01-01 17:12:19,1920-01-01 18:15:30,0,3791000,video_32_12_0
video_32_13,video,32,13,1920-01-01 17:36:01,1920-01-01 18:35:38,0,3577000,video_32_13_0
video_32_14,video,32,14,1920-01-01 17:31:25,1920-01-01 18:30:30,0,3545000,video_32_14_0
video_32_15,video,32,15,1920-01-01 17:22:25,1920-01-01 18:22:56,0,3631000,video_32_15_0
video_32_16,video,32,16,1920-01-01 17:38:49,1920-01-01 18:39:21,0,3632000,video_32_16_0
video_32_17,video,32,17,1920-01-01 17:10:28,1920-01-01 18:10:09,0,3581000,video_32_17_0
video_33_06,video,33,06,1920-01-01 15:06:45,1920-01-01 16:09:50,0,3785000,video_33_06_0
video_33_07,video,33,07,1920-01-01 14:15:29,1920-01-01 15:16:39,0,3670000,video_33_07_0
video_33_08,video,33,08,1920-01-01 15:30:00,1920-01-01 16:30:47,0,3647000,video_33_08_0
video_33_09,video,33,09,1920-01-01 15:36:04,1920-01-01 16:36:54,0,3650000,video_33_09_0
video_33_10,video,33,10,1920-01-01 12:40:12,1920-01-01 13:41:16,0,3664000,video_33_10_0
video_33_11,video,33,11,1920-01-01 16:00:00,1920-01-01 16:59:52,0,3592000,video_33_11_0
video_33_12,video,33,12,1920-01-01 16:27:49,1920-01-01 17:31:47,0,3838000,video_33_12_0
video_33_13,video,33,13,1920-01-01 13:26:32,1920-01-01 14:27:10,0,3638000,video_33_13_0
video_33_14,video,33,14,1920-01-01 15:09:35,1920-01-01 16:12:42,0,3787000,video_33_14_0
video_33_15,video,33,15,1920-01-01 15:10:11,1920-01-01 16:10:40,0,3629000,video_33_15_0
video_33_16,video,33,16,1920-01-01 15:13:36,1920-01-01 16:10:52,0,3436000,video_33_16_0
video_33_17,video,33,17,1920-01-01 15:15:50,1920-01-01 16:19:02,0,3792000,video_33_17_0
video_34_06,video,34,06,1920-01-01 10:27:41,1920-01-01 11:26:10,0,3509000,video_34_06_0
video_34_07,video,34,07,1920-01-01 10:08:50,1920-01-01 11:10:09,0,3679000,video_34_07_0
video_34_08,video,34,08,1920-01-01 09:48:35,1920-01-01 10:51:50,0,3795000,video_34_08_0
video_34_09,video,34,09,1920-01-01 11:12:27,1920-01-01 12:13:31,0,3664000,video_34_09_0
video_34_10,video,34,10,1920-01-01 11:12:18,1920-01-01 12:11:33,0,3555000,video_34_10_0
video_34_11,video,34,11,1920-01-01 11:14:07,1920-01-01 12:12:59,0,3532000,video_34_11_0
video_34_12,video,34,12,1920-01-01 17:22:59,1920-01-01 18:22:28,0,3569000,video_34_12_0
video_34_13,video,34,13,1920-01-01 10:02:54,1920-01-01 11:07:40,0,3886000,video_34_13_0
video_34_14,video,34,14,1920-01-01 10:43:06,1920-01-01 11:45:48,0,3762000,video_34_14_0
video_34_15,video,34,15,1920-01-01 15:39:32,1920-01-01 16:38:32,0,3540000,video_34_15_0
video_34_16,video,34,16,1920-01-01 10:41:17,1920-01-01 11:46:50,0,3933000,video_34_16_0
video_34_17,video,34,17,1920-01-01 10:45:48,1920-01-01 11:45:32,0,3584000,video_34_17_0
video_35_06,video,35,06,1920-01-01 10:08:08,1920-01-01 11:08:49,0,3641000,video_35_06_0
video_35_07,video,35,07,1920-01-01 10:44:33,1920-01-01 11:48:13,0,3820000,video_35_07_0
video_35_08,video,35,08,1920-01-01 10:01:41,1920-01-01 11:05:43,0,3842000,video_35_08_0
video_35_09,video,35,09,1920-01-01 10:04:00,1920-01-01 11:05:55,0,3715000,video_35_09_0
video_35_10,video,35,10,1920-01-01 12:09:35,1920-01-01 13:14:48,0,3913000,video_35_10_0
video_35_11,video,35,11,1920-01-01 10:17:02,1920-01-01 11:21:42,0,3880000,video_35_11_0
video_35_12,video,35,12,1920-01-01 14:24:14,1920-01-01 15:27:42,0,3808000,video_35_12_0
video_35_13,video,35,13,1920-01-01 13:21:52,1920-01-01 14:24:44,0,3772000,video_35_13_0
video_35_14,video,35,14,1920-01-01 12:17:46,1920-01-01 13:17:59,0,3613000,video_35_14_0
video_35_15,video,35,15,1920-01-01 14:20:45,1920-01-01 15:22:22,0,3697000,video_35_15_0
video_35_16,video,35,16,1920-01-01 10:08:26,1920-01-01 11:07:56,0,3570000,video_35_16_0
video_35_17,video,35,17,1920-01-01 10:00:07,1920-01-01 10:59:16,0,3549000,video_35_17_0
video_36_06,video,36,06,1920-01-01 12:28:13,1920-01-01 13:29:02,0,3649000,video_36_06_0
video_36_07,video,36,07,1920-01-01 12:50:33,1920-01-01 13:52:15,0,3702000,video_36_07_0
video_36_08,video,36,08,1920-01-01 16:01:24,1920-01-01 17:02:55,0,3691000,video_36_08_0
video_36_09,video,36,09,1920-01-01 12:16:40,1920-01-01 13:15:09,0,3509000,video_36_09_0
video_36_10,video,36,10,1920-01-01 12:17:11,1920-01-01 13:16:23,0,3552000,video_36_10_0
video_36_11,video,36,11,1920-01-01 12:10:19,1920-01-01 13:07:57,0,3458000,video_36_11_0
video_36_12,video,36,12,1920-01-01 11:01:20,1920-01-01 12:02:02,0,3642000,video_36_12_0
video_36_13,video,36,13,1920-01-01 15:39:44,1920-01-01 16:42:47,0,3783000,video_36_13_0
video_36_14,video,36,14,1920-01-01 12:06:45,1920-01-01 13:12:06,0,3921000,video_36_14_0
video_36_15,video,36,15,1920-01-01 12:26:35,1920-01-01 13:26:03,0,3568000,video_36_15_0
video_36_16,video,36,16,1920-01-01 12:16:47,1920-01-01 13:16:36,0,3589000,video_36_16_0
video_36_17,video,36,17,1920-01-01 11:44:37,1920-01-01 12:47:23,0,3766000,video_36_17_0
video_37_06,video,37,06,1920-01-01 10:01:41,1920-01-01 11:02:02,0,3621000,video_37_06_0
video_37_07,video,37,07,1920-01-01 13:06:34,1920-01-01 14:05:38,0,3544000,video_37_07_0
video_37_08,video,37,08,1920-01-01 10:13:31,1920-01-01 11:16:18,0,3767000,video_37_08_0
video_37_09,video,37,09,1920-01-01 13:07:36,1920-01-01 14:06:31,0,3535000,video_37_09_0
video_37_10,video,37,10,1920-01-01 12:43:42,1920-01-01 13:45:11,0,3689000,video_37_10_0
video_37_11,video,37,11,1920-01-01 12:35:37,1920-01-01 13:35:27,0,3590000,video_37_11_0
video_37_12,video,37,12,1920-01-01 12:40:52,1920-01-01 13:41:21,0,3629000,video_37_12_0
video_37_13,video,37,13,1920-01-01 12:46:54,1920-01-01 13:50:51,0,3837000,video_37_13_0
video_37_14,video,37,14,1920-01-01 13:24:06,1920-01-01 14:25:51,0,3705000,video_37_14_0
video_37_15,video,37,15,1920-01-01 12:43:46,1920-01-01 13:44:01,0,3615000,video_37_15_0
video_37_16,video,37,16,1920-01-01 15:22:36,1920-01-01 16:21:43,0,3547000,video_37_16_0
video_37_17,video,37,17,1920-01-01 15:35:12,1920-01-01 16:35:45,0,3633000,video_37_17_0
video_38_06,video,38,06,1920-01-01 17:05:21,1920-01-01 18:04:43,0,3562000,video_38_06_0
video_38_07,video,38,07,1920-01-01 15:42:37,1920-01-01 16:41:40,0,3543000,video_38_07_0
video_38_08,video,38,08,1920-01-01 13:53:50,1920-01-01 14:53:44,0,3594000,video_38_08_0
video_38_09,video,38,09,1920-01-01 16:16:23,1920-01-01 17:16:11,0,3588000,video_38_09_0
video_38_10,video,38,10,1920-01-01 15:15:21,1920-01-01 16:14:47,0,3566000,video_38_10_0
video_38_11,video,38,11,1920-01-01 16:17:50,1920-01-01 17:28:58,0,4268000,video_38_11_0
video_38_12,video,38,12,1920-01-01 16:16:52,1920-01-01 17:14:03,0,3431000,video_38_12_0
video_38_13,video,38,13,1920-01-01 16:05:38,1920-01-01 17:09:34,0,3836000,video_38_13_0
video_38_14,video,38,14,1920-01-01 16:09:57,1920-01-01 17:06:32,0,3395000,video_38_14_0
video_38_15,video,38,15,1920-01-01 16:14:34,1920-01-01 17:12:16,0,3462000,video_38_15_0
video_38_16,video,38,16,1920-01-01 15:36:23,1920-01-01 16:37:41,0,3678000,video_38_16_0
video_38_17,video,38,17,1920-01-01 16:10:36,1920-01-01 17:10:02,0,3566000,video_38_17_0
video_39_06,video,39,06,1920-01-01 10:47:24,1920-01-01 11:48:59,0,3695000,video_39_06_0
video_39_07,video,39,07,1920-01-01 09:38:15,1920-01-01 10:38:25,0,3610000,video_39_07_0
video_39_08,video,39,08,1920-01-01 09:56:44,1920-01-01 11:00:50,0,3846000,video_39_08_0
video_39_09,video,39,09,1920-01-01 12:15:12,1920-01-01 13:16:04,0,3652000,video_39_09_0
video_39_10,video,39,10,1920-01-01 10:30:00,1920-01-01 11:29:19,0,3559000,video_39_10_0
video_39_11,video,39,11,1920-01-01 10:16:53,1920-01-01 11:19:54,0,3781000,video_39_11_0
video_39_12,video,39,12,1920-01-01 10:17:50,1920-01-01 11:20:33,0,3763000,video_39_12_0
video_39_13,video,39,13,1920-01-01 16:01:19,1920-01-01 17:01:52,0,3633000,video_39_13_0
video_39_14,video,39,14,1920-01-01 15:38:50,1920-01-01 16:40:37,0,3707000,video_39_14_0
video_39_15,video,39,15,1920-01-01 10:07:43,1920-01-01 11:11:35,0,3832000,video_39_15_0
video_39_16,video,39,16,1920-01-01 09:57:11,1920-01-01 10:58:32,0,3681000,video_39_16_0
video_39_17,video,39,17,1920-01-01 09:54:21,1920-01-01 10:54:48,0,3627000,video_39_17_0
video_40_06,video,40,06,1920-01-01 10:37:10,1920-01-01 11:32:56,0,3346000,video_40_06_0
video_40_07,video,40,07,1920-01-01 11:42:28,1920-01-01 12:42:27,0,3599000,video_40_07_0
video_40_08,video,40,08,1920-01-01 11:41:38,1920-01-01 12:43:30,0,3712000,video_40_08_0
video_40_09,video,40,09,1920-01-01 15:25:58,1920-01-01 16:28:56,0,3778000,video_40_09_0
video_40_10,video,40,10,1920-01-01 10:38:11,1920-01-01 11:43:33,0,3922000,video_40_10_0
video_40_11,video,40,11,1920-01-01 16:08:43,1920-01-01 17:05:32,0,3409000,video_40_11_0
video_40_12,video,40,12,1920-01-01 14:32:04,1920-01-01 15:13:03,0,2459000,video_40_12_0
video_40_13,video,40,13,1920-01-01 15:58:34,1920-01-01 17:00:40,0,3726000,video_40_13_0
video_40_14,video,40,14,1920-01-01 16:09:47,1920-01-01 17:06:37,0,3410000,video_40_14_0
video_40_15,video,40,15,1920-01-01 16:16:49,1920-01-01 17:18:58,0,3729000,video_40_15_0
video_40_16,video,40,16,1920-01-01 10:51:46,1920-01-01 11:50:17,0,3511000,video_40_16_0
video_40_17,video,40,17,1920-01-01 15:11:23,1920-01-01 16:09:38,0,3495000,video_40_17_0
video_41_06,video,41,06,1920-01-01 11:20:35,1920-01-01 12:22:43,0,3728000,video_41_06_0
video_41_07,video,41,07,1920-01-01 13:56:14,1920-01-01 14:57:27,0,3673000,video_41_07_0
video_41_08,video,41,08,1920-01-01 10:20:54,1920-01-01 11:18:02,0,3428000,video_41_08_0
video_41_09,video,41,09,1920-01-01 13:16:19,1920-01-01 14:14:41,0,3502000,video_41_09_0
video_41_10,video,41,10,1920-01-01 13:07:07,1920-01-01 14:04:32,0,3445000,video_41_10_0
video_41_11,video,41,11,1920-01-01 09:52:52,1920-01-01 10:49:56,0,3424000,video_41_11_0
video_41_12,video,41,12,1920-01-01 10:18:53,1920-01-01 11:21:18,0,3745000,video_41_12_0
video_41_13,video,41,13,1920-01-01 10:15:22,1920-01-01 11:15:46,0,3624000,video_41_13_0
video_41_14,video,41,14,1920-01-01 10:14:47,1920-01-01 11:16:34,0,3707000,video_41_14_0
video_41_15,video,41,15,1920-01-01 10:12:58,1920-01-01 11:11:16,0,3498000,video_41_15_0
video_41_16,video,41,16,1920-01-01 10:08:32,1920-01-01 11:09:59,0,3687000,video_41_16_0
video_41_17,video,41,17,1920-01-01 10:10:50,1920-01-01 11:13:45,0,3775000,video_41_17_0
video_42_06,video,42,06,1920-01-01 11:20:35,1920-01-01 12:23:00,0,3745000,video_42_06_0
video_42_07,video,42,07,1920-01-01 13:56:14,1920-01-01 14:57:24,0,3670000,video_42_07_0
video_42_08,video,42,08,1920-01-01 10:20:54,1920-01-01 11:18:02,0,3428000,video_42_08_0
video_42_09,video,42,09,1920-01-01 13:16:19,1920-01-01 14:14:41,0,3502000,video_42_09_0
video_42_10,video,42,10,1920-01-01 13:07:07,1920-01-01 14:04:19,0,3432000,video_42_10_0
video_42_11,video,42,11,1920-01-01 09:52:52,1920-01-01 10:49:56,0,3424000,video_42_11_0
video_42_12,video,42,12,1920-01-01 10:18:53,1920-01-01 11:21:34,0,3761000,video_42_12_0
video_42_13,video,42,13,1920-01-01 10:15:22,1920-01-01 11:15:47,0,3625000,video_42_13_0
video_42_14,video,42,14,1920-01-01 10:14:47,1920-01-01 11:16:34,0,3707000,video_42_14_0
video_42_15,video,42,15,1920-01-01 10:12:58,1920-01-01 11:11:16,0,3498000,video_42_15_0
video_42_16,video,42,16,1920-01-01 10:08:32,1920-01-01 11:09:59,0,3687000,video_42_16_0
video_42_17,video,42,17,1920-01-01 10:10:50,1920-01-01 11:13:45,0,3775000,video_42_17_0
video_43_06,video,43,06,1920-01-01 14:07:22,1920-01-01 15:04:33,0,3431000,video_43_06_0
video_43_07,video,43,07,1920-01-01 11:22:22,1920-01-01 12:20:47,0,3505000,video_43_07_0
video_43_08,video,43,08,1920-01-01 11:06:54,1920-01-01 12:05:40,0,3526000,video_43_08_0
video_43_09,video,43,09,1920-01-01 11:12:07,1920-01-01 12:12:17,0,3610000,video_43_09_0
video_43_10,video,43,10,1920-01-01 11:09:23,1920-01-01 12:13:25,0,3842000,video_43_10_0
video_43_11,video,43,11,1920-01-01 11:09:12,1920-01-01 12:13:23,0,3851000,video_43_11_0
video_43_12,video,43,12,1920-01-01 13:05:01,1920-01-01 14:05:00,0,3599000,video_43_12_0
video_43_13,video,43,13,1920-01-01 11:01:33,1920-01-01 12:03:36,0,3723000,video_43_13_0
video_43_14,video,43,14,1920-01-01 11:04:35,1920-01-01 12:06:35,0,3720000,video_43_14_0
video_43_15,video,43,15,1920-01-01 11:03:26,1920-01-01 12:03:05,0,3579000,video_43_15_0
video_43_16,video,43,16,1920-01-01 11:09:12,1920-01-01 12:07:57,0,3525000,video_43_16_0
video_43_17,video,43,17,1920-01-01 11:13:13,1920-01-01 12:10:29,0,3436000,video_43_17_0
video_44_06,video,44,06,1920-01-01 10:22:03,1920-01-01 11:21:22,0,3559000,video_44_06_0
video_44_07,video,44,07,1920-01-01 10:05:19,1920-01-01 10:43:49,0,2310000,video_44_07_0
video_44_08,video,44,08,1920-01-01 10:16:39,1920-01-01 11:17:50,0,3671000,video_44_08_0
video_44_09,video,44,09,1920-01-01 10:59:24,1920-01-01 12:01:18,0,3714000,video_44_09_0
video_44_10,video,44,10,1920-01-01 10:17:05,1920-01-01 11:15:19,0,3494000,video_44_10_0
video_44_11,video,44,11,1920-01-01 10:38:39,1920-01-01 11:45:37,0,4018000,video_44_11_0
video_44_12,video,44,12,1920-01-01 10:28:55,1920-01-01 11:28:04,0,3549000,video_44_12_0
video_44_13,video,44,13,1920-01-01 10:04:38,1920-01-01 11:03:52,0,3554000,video_44_13_0
video_44_14,video,44,14,1920-01-01 10:13:12,1920-01-01 11:13:48,0,3636000,video_44_14_0
video_44_15,video,44,15,1920-01-01 10:09:01,1920-01-01 11:03:56,0,3295000,video_44_15_0
video_44_16,video,44,16,1920-01-01 10:02:11,1920-01-01 11:01:38,0,3567000,video_44_16_0
video_44_17,video,44,17,1920-01-01 10:06:40,1920-01-01 11:14:00,0,4040000,video_44_17_0
video_45_06,video,45,06,1920-01-01 11:12:47,1920-01-01 12:12:58,0,3611000,video_45_06_0
video_45_07,video,45,07,1920-01-01 11:12:34,1920-01-01 12:10:08,0,3454000,video_45_07_0
video_45_08,video,45,08,1920-01-01 12:59:06,1920-01-01 13:58:02,0,3536000,video_45_08_0
video_45_09,video,45,09,1920-01-01 12:21:18,1920-01-01 13:12:50,0,3092000,video_45_09_0
video_45_10,video,45,10,1920-01-01 10:28:34,1920-01-01 11:26:00,0,3446000,video_45_10_0
video_45_11,video,45,11,1920-01-01 14:27:47,1920-01-01 15:30:33,0,3766000,video_45_11_0
video_45_12,video,45,12,1920-01-01 09:47:22,1920-01-01 10:51:37,0,3855000,video_45_12_0
video_45_13,video,45,13,1920-01-01 09:44:18,1920-01-01 10:43:46,0,3568000,video_45_13_0
video_45_14,video,45,14,1920-01-01 14:12:08,1920-01-01 15:11:51,0,3583000,video_45_14_0
video_45_15,video,45,15,1920-01-01 15:05:11,1920-01-01 16:11:43,0,3992000,video_45_15_0
video_45_16,video,45,16,1920-01-01 09:50:51,1920-01-01 10:55:09,0,3858000,video_45_16_0
video_45_17,video,45,17,1920-01-01 09:49:48,1920-01-01 10:49:45,0,3597000,video_45_17_0
video_46_06,video,46,06,1920-01-01 14:08:36,1920-01-01 15:13:32,0,3896000,video_46_06_0
video_46_07,video,46,07,1920-01-01 15:07:55,1920-01-01 16:08:20,0,3625000,video_46_07_0
video_46_08,video,46,08,1920-01-01 13:09:41,1920-01-01 14:09:35,0,3594000,video_46_08_0
video_46_09,video,46,09,1920-01-01 15:46:11,1920-01-01 16:44:10,0,3479000,video_46_09_0
video_46_10,video,46,10,1920-01-01 13:10:51,1920-01-01 14:10:54,0,3603000,video_46_10_0
video_46_11,video,46,11,1920-01-01 09:52:09,1920-01-01 10:51:28,0,3559000,video_46_11_0
video_46_12,video,46,12,1920-01-01 13:32:01,1920-01-01 14:31:54,0,3593000,video_46_12_0
video_46_13,video,46,13,1920-01-01 14:14:00,1920-01-01 14:55:56,0,2516000,video_46_13_0
video_46_14,video,46,14,1920-01-01 15:50:08,1920-01-01 16:52:49,0,3761000,video_46_14_0
video_46_15,video,46,15,1920-01-01 13:45:47,1920-01-01 14:46:51,0,3664000,video_46_15_0
video_46_16,video,46,16,1920-01-01 14:13:43,1920-01-01 15:09:40,0,3357000,video_46_16_0
video_46_17,video,46,17,1920-01-01 15:13:13,1920-01-01 16:16:04,0,3771000,video_46_17_0
